Concentration [µg/mL];Replicate;Absorbance;Method;Operator;Date
2000;1;2,5202;singlepipette;S1;06/10/2025
1500;1;2,5443;singlepipette;S1;06/10/2025
1000;1;1,5145;singlepipette;S1;06/10/2025
750;1;1,2114;singlepipette;S1;06/10/2025
500;1;0,88;singlepipette;S1;06/10/2025
250;1;0,5166;singlepipette;S1;06/10/2025
125;1;0,3349;singlepipette;S1;06/10/2025
25;1;0,1418;singlepipette;S1;06/10/2025
0;1;0,083;singlepipette;S1;06/10/2025
2000;2;2,6721;singlepipette;S1;06/10/2025
1500;2;2,0432;singlepipette;S1;06/10/2025
1000;2;1,6148;singlepipette;S1;06/10/2025
750;2;1,3289;singlepipette;S1;06/10/2025
500;2;0,9222;singlepipette;S1;06/10/2025
250;2;0,5549;singlepipette;S1;06/10/2025
125;2;0,3494;singlepipette;S1;06/10/2025
25;2;0,1417;singlepipette;S1;06/10/2025
0;2;0,1127;singlepipette;S1;06/10/2025
2000;1;2,6701;singlepipette;S2;06/10/2025
1500;1;2,2938;singlepipette;S2;06/10/2025
1000;1;1,6111;singlepipette;S2;06/10/2025
750;1;1,266;singlepipette;S2;06/10/2025
500;1;0,9453;singlepipette;S2;06/10/2025
250;1;0,5643;singlepipette;S2;06/10/2025
125;1;0,3577;singlepipette;S2;06/10/2025
25;1;0,1471;singlepipette;S2;06/10/2025
0;1;0,0898;singlepipette;S2;06/10/2025
2000;2;2,9605;singlepipette;S2;06/10/2025
1500;2;2,237;singlepipette;S2;06/10/2025
1000;2;1,6269;singlepipette;S2;06/10/2025
750;2;1,2815;singlepipette;S2;06/10/2025
500;2;0,9493;singlepipette;S2;06/10/2025
250;2;0,589;singlepipette;S2;06/10/2025
125;2;0,3649;singlepipette;S2;06/10/2025
25;2;0,1473;singlepipette;S2;06/10/2025
0;2;0,0885;singlepipette;S2;06/10/2025
2000;3;2,9133;singlepipette;S1;07/10/2025
1500;3;2,0951;singlepipette;S1;07/10/2025
1000;3;1,6194;singlepipette;S1;07/10/2025
750;3;1,2127;singlepipette;S1;07/10/2025
500;3;0,8676;singlepipette;S1;07/10/2025
250;3;0,5478;singlepipette;S1;07/10/2025
125;3;0,3435;singlepipette;S1;07/10/2025
25;3;0,1409;singlepipette;S1;07/10/2025
0;3;0,0898;singlepipette;S1;07/10/2025
2000;4;2,7263;singlepipette;S1;07/10/2025
1500;4;2,1708;singlepipette;S1;07/10/2025
1000;4;1,5664;singlepipette;S1;07/10/2025
750;4;1,2346;singlepipette;S1;07/10/2025
500;4;0,9204;singlepipette;S1;07/10/2025
250;4;0,5431;singlepipette;S1;07/10/2025
125;4;0,3474;singlepipette;S1;07/10/2025
25;4;0,1465;singlepipette;S1;07/10/2025
0;4;0,0877;singlepipette;S1;07/10/2025
2000;5;2,7529;singlepipette;S1;07/10/2025
1500;5;1,9599;singlepipette;S1;07/10/2025
1000;5;1,5257;singlepipette;S1;07/10/2025
750;5;1,2018;singlepipette;S1;07/10/2025
500;5;0,8893;singlepipette;S1;07/10/2025
250;5;0,5781;singlepipette;S1;07/10/2025
125;5;0,3676;singlepipette;S1;07/10/2025
25;5;0,1675;singlepipette;S1;07/10/2025
0;5;0,1144;singlepipette;S1;07/10/2025
2000;6;2,5352;singlepipette;S1;07/10/2025
1500;6;2,2286;singlepipette;S1;07/10/2025
1000;6;1,5856;singlepipette;S1;07/10/2025
750;6;1,2506;singlepipette;S1;07/10/2025
500;6;0,9754;singlepipette;S1;07/10/2025
250;6;0,5864;singlepipette;S1;07/10/2025
125;6;0,3818;singlepipette;S1;07/10/2025
25;6;0,1685;singlepipette;S1;07/10/2025
0;6;0,1167;singlepipette;S1;07/10/2025
2000;3;2,9133;singlepipette;S2;07/10/2025
1500;3;2,0951;singlepipette;S2;07/10/2025
1000;3;1,6194;singlepipette;S2;07/10/2025
750;3;1,2127;singlepipette;S2;07/10/2025
500;3;0,8676;singlepipette;S2;07/10/2025
250;3;0,5478;singlepipette;S2;07/10/2025
125;3;0,3435;singlepipette;S2;07/10/2025
25;3;0,1409;singlepipette;S2;07/10/2025
0;3;0,0898;singlepipette;S2;07/10/2025
2000;4;2,7263;singlepipette;S2;07/10/2025
1500;4;2,1708;singlepipette;S2;07/10/2025
1000;4;1,5664;singlepipette;S2;07/10/2025
750;4;1,2346;singlepipette;S2;07/10/2025
500;4;0,9204;singlepipette;S2;07/10/2025
250;4;0,5431;singlepipette;S2;07/10/2025
125;4;0,3474;singlepipette;S2;07/10/2025
25;4;0,1465;singlepipette;S2;07/10/2025
0;4;0,0877;singlepipette;S2;07/10/2025
2000;5;2,7529;singlepipette;S2;07/10/2025
1500;5;1,9599;singlepipette;S2;07/10/2025
1000;5;1,5257;singlepipette;S2;07/10/2025
750;5;1,2018;singlepipette;S2;07/10/2025
500;5;0,8893;singlepipette;S2;07/10/2025
250;5;0,5781;singlepipette;S2;07/10/2025
125;5;0,3676;singlepipette;S2;07/10/2025
25;5;0,1675;singlepipette;S2;07/10/2025
0;5;0,1144;singlepipette;S2;07/10/2025
2000;6;2,5352;singlepipette;S2;07/10/2025
1500;6;2,2286;singlepipette;S2;07/10/2025
1000;6;1,5856;singlepipette;S2;07/10/2025
750;6;1,2506;singlepipette;S2;07/10/2025
500;6;0,9754;singlepipette;S2;07/10/2025
250;6;0,5864;singlepipette;S2;07/10/2025
125;6;0,3818;singlepipette;S2;07/10/2025
25;6;0,1685;singlepipette;S2;07/10/2025
0;6;0,1167;singlepipette;S2;07/10/2025
2000;7;2,705300093;singlepipette;S1;08/10/2025
1500;7;2,348999977;singlepipette;S1;08/10/2025
1000;7;1,502400041;singlepipette;S1;08/10/2025
750;7;0,912299991;singlepipette;S1;08/10/2025
500;7;0,655700028;singlepipette;S1;08/10/2025
250;7;0,454100013;singlepipette;S1;08/10/2025
125;7;0,323000014;singlepipette;S1;08/10/2025
25;7;0,132699996;singlepipette;S1;08/10/2025
0;7;0,086499996;singlepipette;S1;08/10/2025
2000;8;2,690799952;singlepipette;S1;08/10/2025
1500;8;2,135699987;singlepipette;S1;08/10/2025
1000;8;1,492799997;singlepipette;S1;08/10/2025
750;8;0,885999978;singlepipette;S1;08/10/2025
500;8;0,671400011;singlepipette;S1;08/10/2025
250;8;0,456699997;singlepipette;S1;08/10/2025
125;8;0,329899997;singlepipette;S1;08/10/2025
25;8;0,134499997;singlepipette;S1;08/10/2025
0;8;0,086999997;singlepipette;S1;08/10/2025
2000;9;2,736599922;singlepipette;S1;08/10/2025
1500;9;2,26880002;singlepipette;S1;08/10/2025
1000;9;1,474799991;singlepipette;S1;08/10/2025
750;9;0,888499975;singlepipette;S1;08/10/2025
500;9;0,62529999;singlepipette;S1;08/10/2025
250;9;0,4454;singlepipette;S1;08/10/2025
125;9;0,326400012;singlepipette;S1;08/10/2025
25;9;0,136800006;singlepipette;S1;08/10/2025
0;9;0,086900003;singlepipette;S1;08/10/2025
2000;10;2,765799999;singlepipette;S1;08/10/2025
1500;10;2,138099909;singlepipette;S1;08/10/2025
1000;10;1,571400046;singlepipette;S1;08/10/2025
750;10;0,855799973;singlepipette;S1;08/10/2025
500;10;0,65170002;singlepipette;S1;08/10/2025
250;10;0,4472;singlepipette;S1;08/10/2025
125;10;0,322899997;singlepipette;S1;08/10/2025
25;10;0,132200003;singlepipette;S1;08/10/2025
0;10;0,088299997;singlepipette;S1;08/10/2025
2000;11;2,897300005;singlepipette;S1;08/10/2025
1500;11;2,145999908;singlepipette;S1;08/10/2025
1000;11;1,540899992;singlepipette;S1;08/10/2025
750;11;0,796599984;singlepipette;S1;08/10/2025
500;11;0,64380002;singlepipette;S1;08/10/2025
250;11;0,443599999;singlepipette;S1;08/10/2025
125;11;0,328999996;singlepipette;S1;08/10/2025
25;11;0,134200007;singlepipette;S1;08/10/2025
0;11;0,087099999;singlepipette;S1;08/10/2025
2000;12;2,711899996;singlepipette;S1;08/10/2025
1500;12;2,253799915;singlepipette;S1;08/10/2025
1000;12;1,540899992;singlepipette;S1;08/10/2025
750;12;0,900399983;singlepipette;S1;08/10/2025
500;12;0,667699993;singlepipette;S1;08/10/2025
250;12;0,451799989;singlepipette;S1;08/10/2025
125;12;0,328700006;singlepipette;S1;08/10/2025
25;12;0,139500007;singlepipette;S1;08/10/2025
0;12;0,088699996;singlepipette;S1;08/10/2025
2000;13;2,934099913;singlepipette;S1;08/10/2025
1500;13;2,066600084;singlepipette;S1;08/10/2025
1000;13;1,614599943;singlepipette;S1;08/10/2025
750;13;0,887000024;singlepipette;S1;08/10/2025
500;13;0,660899997;singlepipette;S1;08/10/2025
250;13;0,474400014;singlepipette;S1;08/10/2025
125;13;0,3301;singlepipette;S1;08/10/2025
25;13;0,135000005;singlepipette;S1;08/10/2025
0;13;0,0876;singlepipette;S1;08/10/2025
2000;14;2,768300056;singlepipette;S1;08/10/2025
1500;14;2,194099903;singlepipette;S1;08/10/2025
1000;14;1,569100022;singlepipette;S1;08/10/2025
750;14;0,920599997;singlepipette;S1;08/10/2025
500;14;0,665400028;singlepipette;S1;08/10/2025
250;14;0,710900009;singlepipette;S1;08/10/2025
125;14;0,336100012;singlepipette;S1;08/10/2025
25;14;0,135600001;singlepipette;S1;08/10/2025
0;14;0,0876;singlepipette;S1;08/10/2025
2000;7;2,738100052;singlepipette;S2;08/10/2025
1500;7;2,456599951;singlepipette;S2;08/10/2025
1000;7;1,987699986;singlepipette;S2;08/10/2025
750;7;1,171800017;singlepipette;S2;08/10/2025
500;7;1,161599994;singlepipette;S2;08/10/2025
250;7;0,693799973;singlepipette;S2;08/10/2025
125;7;0,453399986;singlepipette;S2;08/10/2025
25;7;0,204600006;singlepipette;S2;08/10/2025
0;7;0,144099995;singlepipette;S2;08/10/2025
2000;8;2,719500065;singlepipette;S2;08/10/2025
1500;8;2,50909996;singlepipette;S2;08/10/2025
1000;8;1,713199973;singlepipette;S2;08/10/2025
750;8;1,18719995;singlepipette;S2;08/10/2025
500;8;1,189100027;singlepipette;S2;08/10/2025
250;8;0,656700015;singlepipette;S2;08/10/2025
125;8;0,4208;singlepipette;S2;08/10/2025
25;8;0,1998;singlepipette;S2;08/10/2025
0;8;0,142900005;singlepipette;S2;08/10/2025
2000;9;2,788899899;singlepipette;S2;08/10/2025
1500;9;2,233200073;singlepipette;S2;08/10/2025
1000;9;1,939499974;singlepipette;S2;08/10/2025
750;9;1,213999987;singlepipette;S2;08/10/2025
500;9;1,093299985;singlepipette;S2;08/10/2025
250;9;0,691299975;singlepipette;S2;08/10/2025
125;9;0,465000004;singlepipette;S2;08/10/2025
25;9;0,196199998;singlepipette;S2;08/10/2025
0;9;0,144400001;singlepipette;S2;08/10/2025
2000;10;3,016400099;singlepipette;S2;08/10/2025
1500;10;2,142999887;singlepipette;S2;08/10/2025
1000;10;0,807200015;singlepipette;S2;08/10/2025
750;10;1,188199997;singlepipette;S2;08/10/2025
500;10;1,177099943;singlepipette;S2;08/10/2025
250;10;0,722100019;singlepipette;S2;08/10/2025
125;10;0,450500011;singlepipette;S2;08/10/2025
25;10;0,203700006;singlepipette;S2;08/10/2025
0;10;0,140400007;singlepipette;S2;08/10/2025
2000;11;2,559200048;singlepipette;S2;08/10/2025
1500;11;1,947999954;singlepipette;S2;08/10/2025
1000;11;0,767799973;singlepipette;S2;08/10/2025
750;11;1,188599944;singlepipette;S2;08/10/2025
500;11;0,947300017;singlepipette;S2;08/10/2025
250;11;0,707300007;singlepipette;S2;08/10/2025
125;11;0,446999997;singlepipette;S2;08/10/2025
25;11;0,202500001;singlepipette;S2;08/10/2025
0;11;0,144099995;singlepipette;S2;08/10/2025
2000;12;2,922399998;singlepipette;S2;08/10/2025
1500;12;2,008599997;singlepipette;S2;08/10/2025
1000;12;0,649999976;singlepipette;S2;08/10/2025
750;12;1,210500002;singlepipette;S2;08/10/2025
500;12;1,104400039;singlepipette;S2;08/10/2025
250;12;0,646700025;singlepipette;S2;08/10/2025
125;12;0,425700009;singlepipette;S2;08/10/2025
25;12;0,196099997;singlepipette;S2;08/10/2025
0;12;0,141399994;singlepipette;S2;08/10/2025
2000;13;2,765300035;singlepipette;S2;08/10/2025
1500;13;2,063999891;singlepipette;S2;08/10/2025
1000;13;0,676199973;singlepipette;S2;08/10/2025
750;13;1,241799951;singlepipette;S2;08/10/2025
500;13;1,047899961;singlepipette;S2;08/10/2025
250;13;0,690500021;singlepipette;S2;08/10/2025
125;13;0,441500008;singlepipette;S2;08/10/2025
25;13;0,200800002;singlepipette;S2;08/10/2025
0;13;0,142900005;singlepipette;S2;08/10/2025
2000;14;2,827300072;singlepipette;S2;08/10/2025
1500;14;1,440700054;singlepipette;S2;08/10/2025
1000;14;0,631900012;singlepipette;S2;08/10/2025
750;14;1,110499978;singlepipette;S2;08/10/2025
500;14;1,029299974;singlepipette;S2;08/10/2025
250;14;0,689400017;singlepipette;S2;08/10/2025
125;14;0,462099999;singlepipette;S2;08/10/2025
25;14;0,207300007;singlepipette;S2;08/10/2025
0;14;0,141399994;singlepipette;S2;08/10/2025
2000;1;2,377899885;multipipette;S1;09/10/2025
1500;1;1,637699962;multipipette;S1;09/10/2025
1000;1;1,331400037;multipipette;S1;09/10/2025
750;1;1,064700007;multipipette;S1;09/10/2025
500;1;0,732900023;multipipette;S1;09/10/2025
250;1;0,440499991;multipipette;S1;09/10/2025
125;1;0,292699993;multipipette;S1;09/10/2025
25;1;0,131300002;multipipette;S1;09/10/2025
0;1;0,109800003;multipipette;S1;09/10/2025
2000;2;2,281800032;multipipette;S1;09/10/2025
1500;2;1,581900001;multipipette;S1;09/10/2025
1000;2;1,228899956;multipipette;S1;09/10/2025
750;2;1,028900027;multipipette;S1;09/10/2025
500;2;0,726800025;multipipette;S1;09/10/2025
250;2;0,435099989;multipipette;S1;09/10/2025
125;2;0,296900004;multipipette;S1;09/10/2025
25;2;0,120300002;multipipette;S1;09/10/2025
0;2;0,111599997;multipipette;S1;09/10/2025
2000;3;2,351900101;multipipette;S1;09/10/2025
1500;3;1,683200002;multipipette;S1;09/10/2025
1000;3;1,137799978;multipipette;S1;09/10/2025
750;3;1,065799952;multipipette;S1;09/10/2025
500;3;0,703999996;multipipette;S1;09/10/2025
250;3;0,462799996;multipipette;S1;09/10/2025
125;3;0,283800006;multipipette;S1;09/10/2025
25;3;0,132400006;multipipette;S1;09/10/2025
0;3;0,110100001;multipipette;S1;09/10/2025
2000;4;2,346800089;multipipette;S1;09/10/2025
1500;4;1,658800006;multipipette;S1;09/10/2025
1000;4;1,258599997;multipipette;S1;09/10/2025
750;4;1,015900016;multipipette;S1;09/10/2025
500;4;0,770299971;multipipette;S1;09/10/2025
250;4;0,450700015;multipipette;S1;09/10/2025
125;4;0,295899987;multipipette;S1;09/10/2025
25;4;0,128099993;multipipette;S1;09/10/2025
0;4;0,109800003;multipipette;S1;09/10/2025
2000;5;1,970700026;multipipette;S1;09/10/2025
1500;5;1,67900002;multipipette;S1;09/10/2025
1000;5;1,315799952;multipipette;S1;09/10/2025
750;5;1,023699999;multipipette;S1;09/10/2025
500;5;0,784799993;multipipette;S1;09/10/2025
250;5;0,465600014;multipipette;S1;09/10/2025
125;5;0,295399994;multipipette;S1;09/10/2025
25;5;0,129800007;multipipette;S1;09/10/2025
0;5;0,1131;multipipette;S1;09/10/2025
2000;6;2,49909997;multipipette;S1;09/10/2025
1500;6;1,779600024;multipipette;S1;09/10/2025
1000;6;1,202100039;multipipette;S1;09/10/2025
750;6;0,977100015;multipipette;S1;09/10/2025
500;6;0,75819999;multipipette;S1;09/10/2025
250;6;0,429399997;multipipette;S1;09/10/2025
125;6;0,287200004;multipipette;S1;09/10/2025
25;6;0,122299999;multipipette;S1;09/10/2025
0;6;0,1109;multipipette;S1;09/10/2025
2000;7;2,547600031;multipipette;S1;09/10/2025
1500;7;1,76849997;multipipette;S1;09/10/2025
1000;7;1,226500034;multipipette;S1;09/10/2025
750;7;1,03429997;multipipette;S1;09/10/2025
500;7;0,729600012;multipipette;S1;09/10/2025
250;7;0,452600002;multipipette;S1;09/10/2025
125;7;0,292199999;multipipette;S1;09/10/2025
25;7;0,130600005;multipipette;S1;09/10/2025
0;7;0,111599997;multipipette;S1;09/10/2025
2000;8;2,230799913;multipipette;S1;09/10/2025
1500;8;1,836799979;multipipette;S1;09/10/2025
1000;8;1,338999987;multipipette;S1;09/10/2025
750;8;0,9454;multipipette;S1;09/10/2025
500;8;0,773500025;multipipette;S1;09/10/2025
250;8;0,468400002;multipipette;S1;09/10/2025
125;8;0,290199995;multipipette;S1;09/10/2025
25;8;0,137199998;multipipette;S1;09/10/2025
0;8;0,1105;multipipette;S1;09/10/2025
2000;1;2,682100058;multipipette;S2;09/10/2025
1500;1;2,145499945;multipipette;S2;09/10/2025
1000;1;1,480000019;multipipette;S2;09/10/2025
750;1;1,059100032;multipipette;S2;09/10/2025
500;1;0,781300008;multipipette;S2;09/10/2025
250;1;0,494700015;multipipette;S2;09/10/2025
125;1;0,286199987;multipipette;S2;09/10/2025
25;1;0,125799999;multipipette;S2;09/10/2025
0;1;0,096299998;multipipette;S2;09/10/2025
2000;2;2,403399944;multipipette;S2;09/10/2025
1500;2;2,238800049;multipipette;S2;09/10/2025
1000;2;1,417400002;multipipette;S2;09/10/2025
750;2;1,118800044;multipipette;S2;09/10/2025
500;2;0,777700007;multipipette;S2;09/10/2025
250;2;0,479099989;multipipette;S2;09/10/2025
125;2;0,29370001;multipipette;S2;09/10/2025
25;2;0,1184;multipipette;S2;09/10/2025
0;2;0,087300003;multipipette;S2;09/10/2025
2000;3;2,513999939;multipipette;S2;09/10/2025
1500;3;1,988499999;multipipette;S2;09/10/2025
1000;3;1,493499994;multipipette;S2;09/10/2025
750;3;1,027500033;multipipette;S2;09/10/2025
500;3;0,779100001;multipipette;S2;09/10/2025
250;3;0,489100009;multipipette;S2;09/10/2025
125;3;0,307799995;multipipette;S2;09/10/2025
25;3;0,115999997;multipipette;S2;09/10/2025
0;3;0,090899996;multipipette;S2;09/10/2025
2000;4;2,618499994;multipipette;S2;09/10/2025
1500;4;2,044699907;multipipette;S2;09/10/2025
1000;4;1,364799976;multipipette;S2;09/10/2025
750;4;1,077499986;multipipette;S2;09/10/2025
500;4;0,728299975;multipipette;S2;09/10/2025
250;4;0,454699993;multipipette;S2;09/10/2025
125;4;0,281399995;multipipette;S2;09/10/2025
25;4;0,119800001;multipipette;S2;09/10/2025
0;4;0,0867;multipipette;S2;09/10/2025
2000;5;2,550299883;multipipette;S2;09/10/2025
1500;5;2,305700064;multipipette;S2;09/10/2025
1000;5;1,303599954;multipipette;S2;09/10/2025
750;5;1,025599957;multipipette;S2;09/10/2025
500;5;0,815599978;multipipette;S2;09/10/2025
250;5;0,471799999;multipipette;S2;09/10/2025
125;5;0,296200007;multipipette;S2;09/10/2025
25;5;0,125799999;multipipette;S2;09/10/2025
0;5;0,087899998;multipipette;S2;09/10/2025
2000;6;2,958499908;multipipette;S2;09/10/2025
1500;6;2,168499947;multipipette;S2;09/10/2025
1000;6;1,45570004;multipipette;S2;09/10/2025
750;6;1,044999957;multipipette;S2;09/10/2025
500;6;0,802900016;multipipette;S2;09/10/2025
250;6;0,477800012;multipipette;S2;09/10/2025
125;6;0,309300005;multipipette;S2;09/10/2025
25;6;0,125200003;multipipette;S2;09/10/2025
0;6;0,087499999;multipipette;S2;09/10/2025
2000;7;2,738600016;multipipette;S2;09/10/2025
1500;7;2,066200018;multipipette;S2;09/10/2025
1000;7;1,384199977;multipipette;S2;09/10/2025
750;7;1,042600036;multipipette;S2;09/10/2025
500;7;0,837899983;multipipette;S2;09/10/2025
250;7;0,460799992;multipipette;S2;09/10/2025
125;7;0,304800004;multipipette;S2;09/10/2025
25;7;0,125400007;multipipette;S2;09/10/2025
0;7;0,0902;multipipette;S2;09/10/2025
2000;8;2,883300066;multipipette;S2;09/10/2025
1500;8;2,471600056;multipipette;S2;09/10/2025
1000;8;1,414899945;multipipette;S2;09/10/2025
750;8;1,060500026;multipipette;S2;09/10/2025
500;8;0,828000009;multipipette;S2;09/10/2025
250;8;0,495599985;multipipette;S2;09/10/2025
125;8;0,318399996;multipipette;S2;09/10/2025
25;8;0,129800007;multipipette;S2;09/10/2025
0;8;0,0889;multipipette;S2;09/10/2025
2000;15;2,516700029;singlepipette;S1;10/10/2025
1500;15;2,196000099;singlepipette;S1;10/10/2025
1000;15;1,551100016;singlepipette;S1;10/10/2025
750;15;1,246600032;singlepipette;S1;10/10/2025
500;15;0,895299971;singlepipette;S1;10/10/2025
250;15;0,527999997;singlepipette;S1;10/10/2025
125;15;0,3301;singlepipette;S1;10/10/2025
25;15;0,138600007;singlepipette;S1;10/10/2025
0;15;0,085600004;singlepipette;S1;10/10/2025
2000;16;2,641799927;singlepipette;S1;10/10/2025
1500;16;2,178499937;singlepipette;S1;10/10/2025
1000;16;1,716599941;singlepipette;S1;10/10/2025
750;16;1,261800051;singlepipette;S1;10/10/2025
500;16;0,916599989;singlepipette;S1;10/10/2025
250;16;0,540600002;singlepipette;S1;10/10/2025
125;16;0,327899992;singlepipette;S1;10/10/2025
25;16;0,138799995;singlepipette;S1;10/10/2025
0;16;0,0858;singlepipette;S1;10/10/2025
2000;17;2,739700079;singlepipette;S1;10/10/2025
1500;17;2,379600048;singlepipette;S1;10/10/2025
1000;17;1,577999949;singlepipette;S1;10/10/2025
750;17;1,155500054;singlepipette;S1;10/10/2025
500;17;0,915099978;singlepipette;S1;10/10/2025
250;17;0,539600015;singlepipette;S1;10/10/2025
125;17;0,321999997;singlepipette;S1;10/10/2025
25;17;0,138300002;singlepipette;S1;10/10/2025
0;17;0,087499999;singlepipette;S1;10/10/2025
2000;15;2,445499897;singlepipette;S2;10/10/2025
1500;15;2,102799892;singlepipette;S2;10/10/2025
1000;15;1,505599976;singlepipette;S2;10/10/2025
750;15;1,197399974;singlepipette;S2;10/10/2025
500;15;0,875899971;singlepipette;S2;10/10/2025
250;15;0,507300019;singlepipette;S2;10/10/2025
125;15;0,328700006;singlepipette;S2;10/10/2025
25;15;0,135900006;singlepipette;S2;10/10/2025
0;15;0,093699999;singlepipette;S2;10/10/2025
2000;16;3,063999891;singlepipette;S2;10/10/2025
1500;16;2,138200045;singlepipette;S2;10/10/2025
1000;16;1,457999945;singlepipette;S2;10/10/2025
750;16;1,240200043;singlepipette;S2;10/10/2025
500;16;0,880500019;singlepipette;S2;10/10/2025
250;16;0,527800024;singlepipette;S2;10/10/2025
125;16;0,328900009;singlepipette;S2;10/10/2025
25;16;0,136700004;singlepipette;S2;10/10/2025
0;16;0,0889;singlepipette;S2;10/10/2025
2000;17;2,835299969;singlepipette;S2;10/10/2025
1500;17;2,364900112;singlepipette;S2;10/10/2025
1000;17;1,49969995;singlepipette;S2;10/10/2025
750;17;1,229699969;singlepipette;S2;10/10/2025
500;17;0,841300011;singlepipette;S2;10/10/2025
250;17;0,522700012;singlepipette;S2;10/10/2025
125;17;0,322899997;singlepipette;S2;10/10/2025
25;17;0,138099998;singlepipette;S2;10/10/2025
0;17;0,092200004;singlepipette;S2;10/10/2025
2000;18;1,924200058;singlepipette;S2;10/10/2025
1500;18;2,200500011;singlepipette;S2;10/10/2025
1000;18;1,496399999;singlepipette;S2;10/10/2025
750;18;1,247900009;singlepipette;S2;10/10/2025
500;18;0,948800027;singlepipette;S2;10/10/2025
250;18;0,545799971;singlepipette;S2;10/10/2025
125;18;0,327199996;singlepipette;S2;10/10/2025
25;18;0,137600005;singlepipette;S2;10/10/2025
0;18;0,093599997;singlepipette;S2;10/10/2025
2000;1;2,534600019;singlepipette;OT-2;15/10/2025
1500;1;2,027400017;singlepipette;OT-2;15/10/2025
1000;1;1,413300037;singlepipette;OT-2;15/10/2025
750;1;1,015400052;singlepipette;OT-2;15/10/2025
500;1;0,749300003;singlepipette;OT-2;15/10/2025
250;1;0,451799989;singlepipette;OT-2;15/10/2025
125;1;0,296600014;singlepipette;OT-2;15/10/2025
25;1;0,129199997;singlepipette;OT-2;15/10/2025
0;1;0,088200003;singlepipette;OT-2;15/10/2025
2000;2;2,547499895;singlepipette;OT-2;15/10/2025
1500;2;2,01760006;singlepipette;OT-2;15/10/2025
1000;2;1,452299953;singlepipette;OT-2;15/10/2025
750;2;1,128399968;singlepipette;OT-2;15/10/2025
500;2;0,791700006;singlepipette;OT-2;15/10/2025
250;2;0,403600007;singlepipette;OT-2;15/10/2025
125;2;0,285600007;singlepipette;OT-2;15/10/2025
25;2;0,126499996;singlepipette;OT-2;15/10/2025
0;2;0,087399997;singlepipette;OT-2;15/10/2025
2000;3;2,486599922;singlepipette;OT-2;15/10/2025
1500;3;1,678500056;singlepipette;OT-2;15/10/2025
1000;3;1,218999982;singlepipette;OT-2;15/10/2025
750;3;0,872500002;singlepipette;OT-2;15/10/2025
500;3;0,744300008;singlepipette;OT-2;15/10/2025
250;3;0,440699995;singlepipette;OT-2;15/10/2025
125;3;0,273900002;singlepipette;OT-2;15/10/2025
25;3;0,125100002;singlepipette;OT-2;15/10/2025
0;3;0,089599997;singlepipette;OT-2;15/10/2025
2000;4;2,432499886;singlepipette;OT-2;15/10/2025
1500;4;1,717399955;singlepipette;OT-2;15/10/2025
1000;4;1,226999998;singlepipette;OT-2;15/10/2025
750;4;0,856000006;singlepipette;OT-2;15/10/2025
500;4;0,633300006;singlepipette;OT-2;15/10/2025
250;4;0,383899987;singlepipette;OT-2;15/10/2025
125;4;0,271299988;singlepipette;OT-2;15/10/2025
25;4;0,122299999;singlepipette;OT-2;15/10/2025
0;4;0,089400001;singlepipette;OT-2;15/10/2025
2000;5;2,364500046;singlepipette;OT-2;15/10/2025
1500;5;1,732499957;singlepipette;OT-2;15/10/2025
1000;5;1,233899951;singlepipette;OT-2;15/10/2025
750;5;0,827300012;singlepipette;OT-2;15/10/2025
500;5;0,681900024;singlepipette;OT-2;15/10/2025
250;5;0,386900008;singlepipette;OT-2;15/10/2025
125;5;0,275599986;singlepipette;OT-2;15/10/2025
25;5;0,125499994;singlepipette;OT-2;15/10/2025
0;5;0,090899996;singlepipette;OT-2;15/10/2025
2000;6;2,068700075;singlepipette;OT-2;15/10/2025
1500;6;1,647899985;singlepipette;OT-2;15/10/2025
1000;6;1,199699998;singlepipette;OT-2;15/10/2025
750;6;0,840200007;singlepipette;OT-2;15/10/2025
500;6;0,68629998;singlepipette;OT-2;15/10/2025
250;6;0,379099995;singlepipette;OT-2;15/10/2025
125;6;0,272300005;singlepipette;OT-2;15/10/2025
25;6;0,121699996;singlepipette;OT-2;15/10/2025
0;6;0,089400001;singlepipette;OT-2;15/10/2025
2000;7;2,223099947;singlepipette;OT-2;15/10/2025
1500;7;1,761600018;singlepipette;OT-2;15/10/2025
1000;7;1,26030004;singlepipette;OT-2;15/10/2025
750;7;0,894599974;singlepipette;OT-2;15/10/2025
500;7;0,653100014;singlepipette;OT-2;15/10/2025
250;7;0,400200009;singlepipette;OT-2;15/10/2025
125;7;0,28459999;singlepipette;OT-2;15/10/2025
25;7;0,118199997;singlepipette;OT-2;15/10/2025
0;7;0,092;singlepipette;OT-2;15/10/2025
2000;8;2,200799942;singlepipette;OT-2;15/10/2025
1500;8;1,746399999;singlepipette;OT-2;15/10/2025
1000;8;1,272500038;singlepipette;OT-2;15/10/2025
750;8;0,835399985;singlepipette;OT-2;15/10/2025
500;8;0,64139998;singlepipette;OT-2;15/10/2025
250;8;0,398299992;singlepipette;OT-2;15/10/2025
125;8;0,317299992;singlepipette;OT-2;15/10/2025
25;8;0,121200003;singlepipette;OT-2;15/10/2025
0;8;0,087800004;singlepipette;OT-2;15/10/2025
2000;9;2,487499952;multipipette;S1;15/10/2025
1500;9;2,042099953;multipipette;S1;15/10/2025
1000;9;1,445500016;multipipette;S1;15/10/2025
750;9;1,115800023;multipipette;S1;15/10/2025
500;9;0,865400016;multipipette;S1;15/10/2025
250;9;0,498400003;multipipette;S1;15/10/2025
125;9;0,310400009;multipipette;S1;15/10/2025
25;9;0,136099994;multipipette;S1;15/10/2025
0;9;0,091499999;multipipette;S1;15/10/2025
2000;10;2,52489996;multipipette;S1;15/10/2025
1500;10;1,874300003;multipipette;S1;15/10/2025
1000;10;1,410099983;multipipette;S1;15/10/2025
750;10;1,094400048;multipipette;S1;15/10/2025
500;10;0,858099997;multipipette;S1;15/10/2025
250;10;0,501399994;multipipette;S1;15/10/2025
125;10;0,305400014;multipipette;S1;15/10/2025
25;10;0,131400004;multipipette;S1;15/10/2025
0;10;0,089299999;multipipette;S1;15/10/2025
2000;11;2,52609992;multipipette;S1;15/10/2025
1500;11;1,869699955;multipipette;S1;15/10/2025
1000;11;1,53670001;multipipette;S1;15/10/2025
750;11;1,184399962;multipipette;S1;15/10/2025
500;11;0,872799993;multipipette;S1;15/10/2025
250;11;0,498600006;multipipette;S1;15/10/2025
125;11;0,321799994;multipipette;S1;15/10/2025
25;11;0,132100001;multipipette;S1;15/10/2025
0;11;0,091899998;multipipette;S1;15/10/2025
2000;12;2,265000105;multipipette;S1;15/10/2025
1500;12;2,007400036;multipipette;S1;15/10/2025
1000;12;1,495800018;multipipette;S1;15/10/2025
750;12;1,138599992;multipipette;S1;15/10/2025
500;12;0,832300007;multipipette;S1;15/10/2025
250;12;0,49000001;multipipette;S1;15/10/2025
125;12;0,32949999;multipipette;S1;15/10/2025
25;12;0,139200002;multipipette;S1;15/10/2025
0;12;0,090499997;multipipette;S1;15/10/2025
2000;13;2,31069994;multipipette;S1;15/10/2025
1500;13;1,876000047;multipipette;S1;15/10/2025
1000;13;1,396000028;multipipette;S1;15/10/2025
750;13;1,138700008;multipipette;S1;15/10/2025
500;13;0,840300024;multipipette;S1;15/10/2025
250;13;0,5449;multipipette;S1;15/10/2025
125;13;0,361200005;multipipette;S1;15/10/2025
25;13;0,146699995;multipipette;S1;15/10/2025
0;13;0,090700001;multipipette;S1;15/10/2025
2000;14;2,614900112;multipipette;S1;15/10/2025
1500;14;1,896800041;multipipette;S1;15/10/2025
1000;14;1,45510006;multipipette;S1;15/10/2025
750;14;1,105700016;multipipette;S1;15/10/2025
500;14;0,871200025;multipipette;S1;15/10/2025
250;14;0,540600002;multipipette;S1;15/10/2025
125;14;0,377799988;multipipette;S1;15/10/2025
25;14;0,136500001;multipipette;S1;15/10/2025
0;14;0,090800002;multipipette;S1;15/10/2025
2000;15;2,438999891;multipipette;S1;15/10/2025
1500;15;2,149100065;multipipette;S1;15/10/2025
1000;15;1,412099957;multipipette;S1;15/10/2025
750;15;1,105200052;multipipette;S1;15/10/2025
500;15;0,834800005;multipipette;S1;15/10/2025
250;15;0,561600029;multipipette;S1;15/10/2025
125;15;0,395799994;multipipette;S1;15/10/2025
25;15;0,134800002;multipipette;S1;15/10/2025
0;15;0,089599997;multipipette;S1;15/10/2025
2000;16;2,707000017;multipipette;S1;15/10/2025
1500;16;2,028800011;multipipette;S1;15/10/2025
1000;16;1,536499977;multipipette;S1;15/10/2025
750;16;1,181900024;multipipette;S1;15/10/2025
500;16;0,926800013;multipipette;S1;15/10/2025
250;16;0,561399996;multipipette;S1;15/10/2025
125;16;0,348399997;multipipette;S1;15/10/2025
25;16;0,136700004;multipipette;S1;15/10/2025
0;16;0,090099998;multipipette;S1;15/10/2025
2000;9;2,229799986;multipipette;S2;15/10/2025
1500;9;1,977399945;multipipette;S2;15/10/2025
1000;9;1,458999991;multipipette;S2;15/10/2025
750;9;1,159500003;multipipette;S2;15/10/2025
500;9;0,899900019;multipipette;S2;15/10/2025
250;9;0,500199974;multipipette;S2;15/10/2025
125;9;0,325599998;multipipette;S2;15/10/2025
25;9;0,145600006;multipipette;S2;15/10/2025
0;9;0,120499998;multipipette;S2;15/10/2025
2000;10;2,375299931;multipipette;S2;15/10/2025
1500;10;2,131599903;multipipette;S2;15/10/2025
1000;10;1,397799969;multipipette;S2;15/10/2025
750;10;1,081099987;multipipette;S2;15/10/2025
500;10;0,92110002;multipipette;S2;15/10/2025
250;10;0,507499993;multipipette;S2;15/10/2025
125;10;0,324000001;multipipette;S2;15/10/2025
25;10;0,135900006;multipipette;S2;15/10/2025
0;10;0,102899998;multipipette;S2;15/10/2025
2000;11;2,35439992;multipipette;S2;15/10/2025
1500;11;2,153100014;multipipette;S2;15/10/2025
1000;11;1,398599982;multipipette;S2;15/10/2025
750;11;1,218899965;multipipette;S2;15/10/2025
500;11;0,960200012;multipipette;S2;15/10/2025
250;11;0,493400007;multipipette;S2;15/10/2025
125;11;0,325399995;multipipette;S2;15/10/2025
25;11;0,135199994;multipipette;S2;15/10/2025
0;11;0,097400002;multipipette;S2;15/10/2025
2000;12;2,357500076;multipipette;S2;15/10/2025
1500;12;2,198299885;multipipette;S2;15/10/2025
1000;12;1,454100013;multipipette;S2;15/10/2025
750;12;1,174800038;multipipette;S2;15/10/2025
500;12;0,875400007;multipipette;S2;15/10/2025
250;12;0,508000016;multipipette;S2;15/10/2025
125;12;0,323500007;multipipette;S2;15/10/2025
25;12;0,133699998;multipipette;S2;15/10/2025
0;12;0,0986;multipipette;S2;15/10/2025
2000;13;2,309000015;multipipette;S2;15/10/2025
1500;13;1,98239994;multipipette;S2;15/10/2025
1000;13;1,429299951;multipipette;S2;15/10/2025
750;13;1,190000057;multipipette;S2;15/10/2025
500;13;0,834500015;multipipette;S2;15/10/2025
250;13;0,510900021;multipipette;S2;15/10/2025
125;13;0,3134;multipipette;S2;15/10/2025
25;13;0,135000005;multipipette;S2;15/10/2025
0;13;0,097900003;multipipette;S2;15/10/2025
2000;14;2,469000101;multipipette;S2;15/10/2025
1500;14;2,126300097;multipipette;S2;15/10/2025
1000;14;1,356099963;multipipette;S2;15/10/2025
750;14;1,179999948;multipipette;S2;15/10/2025
500;14;0,887099981;multipipette;S2;15/10/2025
250;14;0,512899995;multipipette;S2;15/10/2025
125;14;0,312700003;multipipette;S2;15/10/2025
25;14;0,133000001;multipipette;S2;15/10/2025
0;14;0,104999997;multipipette;S2;15/10/2025
2000;15;2,593300104;multipipette;S2;15/10/2025
1500;15;2,164099932;multipipette;S2;15/10/2025
1000;15;1,46449995;multipipette;S2;15/10/2025
750;15;1,078500032;multipipette;S2;15/10/2025
500;15;0,930299997;multipipette;S2;15/10/2025
250;15;0,519900024;multipipette;S2;15/10/2025
125;15;0,316500008;multipipette;S2;15/10/2025
25;15;0,1347;multipipette;S2;15/10/2025
0;15;0,100599997;multipipette;S2;15/10/2025
2000;16;2,578500032;multipipette;S2;15/10/2025
1500;16;2,006599903;multipipette;S2;15/10/2025
1000;16;1,40139997;multipipette;S2;15/10/2025
750;16;1,215499997;multipipette;S2;15/10/2025
500;16;0,901600003;multipipette;S2;15/10/2025
250;16;0,632700026;multipipette;S2;15/10/2025
125;16;0,32100001;multipipette;S2;15/10/2025
25;16;0,135600001;multipipette;S2;15/10/2025
0;16;0,102799997;multipipette;S2;15/10/2025
2000;17;2,353100061;multipipette;S1;16/10/2025
1500;17;1,847800016;multipipette;S1;16/10/2025
1000;17;1,295799971;multipipette;S1;16/10/2025
750;17;1,015699983;multipipette;S1;16/10/2025
500;17;0,764800012;multipipette;S1;16/10/2025
250;17;0,474099994;multipipette;S1;16/10/2025
125;17;0,290600002;multipipette;S1;16/10/2025
25;17;0,132499993;multipipette;S1;16/10/2025
0;17;0,089599997;multipipette;S1;16/10/2025
2000;18;2,288599968;multipipette;S1;16/10/2025
1500;18;1,831599951;multipipette;S1;16/10/2025
1000;18;1,305299997;multipipette;S1;16/10/2025
750;18;1,072000027;multipipette;S1;16/10/2025
500;18;0,80339998;multipipette;S1;16/10/2025
250;18;0,458999991;multipipette;S1;16/10/2025
125;18;0,291599989;multipipette;S1;16/10/2025
25;18;0,125300005;multipipette;S1;16/10/2025
0;18;0,087800004;multipipette;S1;16/10/2025
2000;19;2,218899965;multipipette;S1;16/10/2025
1500;19;1,848099947;multipipette;S1;16/10/2025
1000;19;1,261000037;multipipette;S1;16/10/2025
750;19;1,013800025;multipipette;S1;16/10/2025
500;19;0,813199997;multipipette;S1;16/10/2025
250;19;0,4639;multipipette;S1;16/10/2025
125;19;0,294800013;multipipette;S1;16/10/2025
25;19;0,132200003;multipipette;S1;16/10/2025
0;19;0,088100001;multipipette;S1;16/10/2025
2000;20;2,191699982;multipipette;S1;16/10/2025
1500;20;1,93659997;multipipette;S1;16/10/2025
1000;20;1,352399945;multipipette;S1;16/10/2025
750;20;0,981100023;multipipette;S1;16/10/2025
500;20;0,791800022;multipipette;S1;16/10/2025
250;20;0,459100008;multipipette;S1;16/10/2025
125;20;0,307000011;multipipette;S1;16/10/2025
25;20;0,124499999;multipipette;S1;16/10/2025
0;20;0,087099999;multipipette;S1;16/10/2025
2000;21;2,236000061;multipipette;S1;16/10/2025
1500;21;1,893000007;multipipette;S1;16/10/2025
1000;21;1,309999943;multipipette;S1;16/10/2025
750;21;1,023000002;multipipette;S1;16/10/2025
500;21;0,816299975;multipipette;S1;16/10/2025
250;21;0,461400002;multipipette;S1;16/10/2025
125;21;0,308999985;multipipette;S1;16/10/2025
25;21;0,129700005;multipipette;S1;16/10/2025
0;21;0,087099999;multipipette;S1;16/10/2025
2000;22;2,3046;multipipette;S1;16/10/2025
1500;22;1,933200002;multipipette;S1;16/10/2025
1000;22;1,384899974;multipipette;S1;16/10/2025
750;22;1,068699956;multipipette;S1;16/10/2025
500;22;0,844200015;multipipette;S1;16/10/2025
250;22;0,475800008;multipipette;S1;16/10/2025
125;22;0,302700013;multipipette;S1;16/10/2025
25;22;0,127800003;multipipette;S1;16/10/2025
0;22;0,090800002;multipipette;S1;16/10/2025
2000;23;2,360300064;multipipette;S1;16/10/2025
1500;23;1,931900024;multipipette;S1;16/10/2025
1000;23;1,297600031;multipipette;S1;16/10/2025
750;23;0,997399986;multipipette;S1;16/10/2025
500;23;0,837700009;multipipette;S1;16/10/2025
250;23;0,472200006;multipipette;S1;16/10/2025
125;23;0,319900006;multipipette;S1;16/10/2025
25;23;0,131099999;multipipette;S1;16/10/2025
0;23;0,094300002;multipipette;S1;16/10/2025
2000;24;2,766400099;multipipette;S1;16/10/2025
1500;24;1,987100005;multipipette;S1;16/10/2025
1000;24;1,389600039;multipipette;S1;16/10/2025
750;24;1,134299994;multipipette;S1;16/10/2025
500;24;0,875500023;multipipette;S1;16/10/2025
250;24;0,522800028;multipipette;S1;16/10/2025
125;24;0,315499991;multipipette;S1;16/10/2025
25;24;0,141299993;multipipette;S1;16/10/2025
0;24;0,090800002;multipipette;S1;16/10/2025
2000;18;2,791500092;singlepipette;S1;16/10/2025
1500;18;1,91869998;singlepipette;S1;16/10/2025
1000;18;1,437899947;singlepipette;S1;16/10/2025
750;18;1,109799981;singlepipette;S1;16/10/2025
500;18;0,841700017;singlepipette;S1;16/10/2025
250;18;0,484400004;singlepipette;S1;16/10/2025
125;18;0,304699987;singlepipette;S1;16/10/2025
25;18;0,127100006;singlepipette;S1;16/10/2025
0;18;0,087499999;singlepipette;S1;16/10/2025
2000;19;2,509500027;singlepipette;S1;16/10/2025
1500;19;1,98150003;singlepipette;S1;16/10/2025
1000;19;1,475999951;singlepipette;S1;16/10/2025
750;19;1,174200058;singlepipette;S1;16/10/2025
500;19;0,879000008;singlepipette;S1;16/10/2025
250;19;0,4824;singlepipette;S1;16/10/2025
125;19;0,317600012;singlepipette;S1;16/10/2025
25;19;0,126399994;singlepipette;S1;16/10/2025
0;19;0,082699999;singlepipette;S1;16/10/2025
2000;20;2,526000023;singlepipette;S1;16/10/2025
1500;20;1,927700043;singlepipette;S1;16/10/2025
1000;20;1,464100003;singlepipette;S1;16/10/2025
750;20;1,195600033;singlepipette;S1;16/10/2025
500;20;0,862299979;singlepipette;S1;16/10/2025
250;20;0,49090001;singlepipette;S1;16/10/2025
125;20;0,314200014;singlepipette;S1;16/10/2025
25;20;0,125200003;singlepipette;S1;16/10/2025
0;20;0,083300002;singlepipette;S1;16/10/2025
2000;21;2,448299885;singlepipette;S1;16/10/2025
1500;21;2,021600008;singlepipette;S1;16/10/2025
1000;21;1,475399971;singlepipette;S1;16/10/2025
750;21;1,183500051;singlepipette;S1;16/10/2025
500;21;0,889199972;singlepipette;S1;16/10/2025
250;21;0,514599979;singlepipette;S1;16/10/2025
125;21;0,3125;singlepipette;S1;16/10/2025
25;21;0,127399996;singlepipette;S1;16/10/2025
0;21;0,082999997;singlepipette;S1;16/10/2025
2000;22;2,540699959;singlepipette;S1;16/10/2025
1500;22;1,9296;singlepipette;S1;16/10/2025
1000;22;1,463000059;singlepipette;S1;16/10/2025
750;22;1,28550005;singlepipette;S1;16/10/2025
500;22;0,86500001;singlepipette;S1;16/10/2025
250;22;0,487599999;singlepipette;S1;16/10/2025
125;22;0,328299999;singlepipette;S1;16/10/2025
25;22;0,128600001;singlepipette;S1;16/10/2025
0;22;0,083800003;singlepipette;S1;16/10/2025
2000;23;2,580899954;singlepipette;S1;16/10/2025
1500;23;2,009200096;singlepipette;S1;16/10/2025
1000;23;1,475000024;singlepipette;S1;16/10/2025
750;23;1,218400002;singlepipette;S1;16/10/2025
500;23;0,888400018;singlepipette;S1;16/10/2025
250;23;0,528400004;singlepipette;S1;16/10/2025
125;23;0,326599985;singlepipette;S1;16/10/2025
25;23;0,131699994;singlepipette;S1;16/10/2025
0;23;0,084700003;singlepipette;S1;16/10/2025
2000;24;2,622900009;singlepipette;S1;16/10/2025
1500;24;2,319400072;singlepipette;S1;16/10/2025
1000;24;1,60619998;singlepipette;S1;16/10/2025
750;24;1,238800049;singlepipette;S1;16/10/2025
500;24;0,856899977;singlepipette;S1;16/10/2025
250;24;0,537899971;singlepipette;S1;16/10/2025
125;24;0,313300014;singlepipette;S1;16/10/2025
25;24;0,125599995;singlepipette;S1;16/10/2025
0;24;0,088200003;singlepipette;S1;16/10/2025
2000;17;2,343400002;multipipette;S2;16/10/2025
1500;17;1,647199988;multipipette;S2;16/10/2025
1000;17;1,231999993;multipipette;S2;16/10/2025
750;17;0,994400024;multipipette;S2;16/10/2025
500;17;0,786599994;multipipette;S2;16/10/2025
250;17;0,42019999;multipipette;S2;16/10/2025
125;17;0,271100014;multipipette;S2;16/10/2025
25;17;0,125;multipipette;S2;16/10/2025
0;17;0,094499998;multipipette;S2;16/10/2025
2000;18;2,262399912;multipipette;S2;16/10/2025
1500;18;1,728399992;multipipette;S2;16/10/2025
1000;18;1,349599957;multipipette;S2;16/10/2025
750;18;1,101799965;multipipette;S2;16/10/2025
500;18;0,793900013;multipipette;S2;16/10/2025
250;18;0,451799989;multipipette;S2;16/10/2025
125;18;0,273499995;multipipette;S2;16/10/2025
25;18;0,122100003;multipipette;S2;16/10/2025
0;18;0,092100002;multipipette;S2;16/10/2025
2000;19;2,410000086;multipipette;S2;16/10/2025
1500;19;1,674700022;multipipette;S2;16/10/2025
1000;19;1,380399942;multipipette;S2;16/10/2025
750;19;1,109699965;multipipette;S2;16/10/2025
500;19;0,825600028;multipipette;S2;16/10/2025
250;19;0,474400014;multipipette;S2;16/10/2025
125;19;0,274899989;multipipette;S2;16/10/2025
25;19;0,123499997;multipipette;S2;16/10/2025
0;19;0,092100002;multipipette;S2;16/10/2025
2000;20;2,557100058;multipipette;S2;16/10/2025
1500;20;1,75880003;multipipette;S2;16/10/2025
1000;20;1,430699944;multipipette;S2;16/10/2025
750;20;1,084400058;multipipette;S2;16/10/2025
500;20;0,856899977;multipipette;S2;16/10/2025
250;20;0,470699996;multipipette;S2;16/10/2025
125;20;0,282599986;multipipette;S2;16/10/2025
25;20;0,120399997;multipipette;S2;16/10/2025
0;20;0,093099996;multipipette;S2;16/10/2025
2000;21;2,472800016;multipipette;S2;16/10/2025
1500;21;1,844200015;multipipette;S2;16/10/2025
1000;21;1,425999999;multipipette;S2;16/10/2025
750;21;1,17869997;multipipette;S2;16/10/2025
500;21;0,863600016;multipipette;S2;16/10/2025
250;21;0,479699999;multipipette;S2;16/10/2025
125;21;0,289099991;multipipette;S2;16/10/2025
25;21;0,125200003;multipipette;S2;16/10/2025
0;21;0,095100001;multipipette;S2;16/10/2025
2000;22;2,366100073;multipipette;S2;16/10/2025
1500;22;1,852499962;multipipette;S2;16/10/2025
1000;22;1,417500019;multipipette;S2;16/10/2025
750;22;1,155599952;multipipette;S2;16/10/2025
500;22;0,855199993;multipipette;S2;16/10/2025
250;22;0,47299999;multipipette;S2;16/10/2025
125;22;0,296299994;multipipette;S2;16/10/2025
25;22;0,092;multipipette;S2;16/10/2025
0;22;0,128199995;multipipette;S2;16/10/2025
2000;23;2,941900015;multipipette;S2;16/10/2025
1500;23;1,890900016;multipipette;S2;16/10/2025
1000;23;1,468999982;multipipette;S2;16/10/2025
750;23;1,263499975;multipipette;S2;16/10/2025
500;23;0,871500015;multipipette;S2;16/10/2025
250;23;0,488099992;multipipette;S2;16/10/2025
125;23;0,308099985;multipipette;S2;16/10/2025
25;23;0,093199998;multipipette;S2;16/10/2025
0;23;0,132300004;multipipette;S2;16/10/2025
2000;24;2,590399981;multipipette;S2;16/10/2025
1500;24;1,906000018;multipipette;S2;16/10/2025
1000;24;1,502900004;multipipette;S2;16/10/2025
750;24;1,215000033;multipipette;S2;16/10/2025
500;24;0,873600006;multipipette;S2;16/10/2025
250;24;0,538699985;multipipette;S2;16/10/2025
125;24;0,303900003;multipipette;S2;16/10/2025
25;24;0,092200004;multipipette;S2;16/10/2025
0;24;0,133599997;multipipette;S2;16/10/2025
2000;19;2,592999935;singlepipette;S2;16/10/2025
1500;19;2,04640007;singlepipette;S2;16/10/2025
1000;19;1,507400036;singlepipette;S2;16/10/2025
750;19;1,200099945;singlepipette;S2;16/10/2025
500;19;0,887700021;singlepipette;S2;16/10/2025
250;19;0,503000021;singlepipette;S2;16/10/2025
125;19;0,324900001;singlepipette;S2;16/10/2025
25;19;0,129999995;singlepipette;S2;16/10/2025
0;19;0,091499999;singlepipette;S2;16/10/2025
2000;20;2,531399965;singlepipette;S2;16/10/2025
1500;20;2,146300077;singlepipette;S2;16/10/2025
1000;20;1,489799976;singlepipette;S2;16/10/2025
750;20;1,210000038;singlepipette;S2;16/10/2025
500;20;0,871200025;singlepipette;S2;16/10/2025
250;20;0,450399995;singlepipette;S2;16/10/2025
125;20;0,321700007;singlepipette;S2;16/10/2025
25;20;0,124899998;singlepipette;S2;16/10/2025
0;20;0,090099998;singlepipette;S2;16/10/2025
2000;21;2,624700069;singlepipette;S2;16/10/2025
1500;21;2,128000021;singlepipette;S2;16/10/2025
1000;21;1,497400045;singlepipette;S2;16/10/2025
750;21;1,22329998;singlepipette;S2;16/10/2025
500;21;0,882300019;singlepipette;S2;16/10/2025
250;21;0,49149999;singlepipette;S2;16/10/2025
125;21;0,306499988;singlepipette;S2;16/10/2025
25;21;0,127000004;singlepipette;S2;16/10/2025
0;21;0,090099998;singlepipette;S2;16/10/2025
2000;22;2,648499966;singlepipette;S2;16/10/2025
1500;22;2,064899921;singlepipette;S2;16/10/2025
1000;22;1,471199989;singlepipette;S2;16/10/2025
750;22;1,072700024;singlepipette;S2;16/10/2025
500;22;0,867299974;singlepipette;S2;16/10/2025
250;22;0,495900005;singlepipette;S2;16/10/2025
125;22;0,315400004;singlepipette;S2;16/10/2025
25;22;0,127700001;singlepipette;S2;16/10/2025
0;22;0,089199997;singlepipette;S2;16/10/2025
2000;23;2,587599993;singlepipette;S2;16/10/2025
1500;23;1,85650003;singlepipette;S2;16/10/2025
1000;23;1,419999957;singlepipette;S2;16/10/2025
750;23;1,217599988;singlepipette;S2;16/10/2025
500;23;0,835099995;singlepipette;S2;16/10/2025
250;23;0,470200002;singlepipette;S2;16/10/2025
125;23;0,313499987;singlepipette;S2;16/10/2025
25;23;0,129700005;singlepipette;S2;16/10/2025
0;23;0,090999998;singlepipette;S2;16/10/2025
2000;24;2,542500019;singlepipette;S2;16/10/2025
1500;24;2,082000017;singlepipette;S2;16/10/2025
1000;24;1,47420001;singlepipette;S2;16/10/2025
750;24;1,229900002;singlepipette;S2;16/10/2025
500;24;0,835900009;singlepipette;S2;16/10/2025
250;24;0,508300006;singlepipette;S2;16/10/2025
125;24;0,313699991;singlepipette;S2;16/10/2025
25;24;0,123000003;singlepipette;S2;16/10/2025
0;24;0,090300001;singlepipette;S2;16/10/2025
2000;25;2,619899988;singlepipette;S2;16/10/2025
1500;25;2,096800089;singlepipette;S2;16/10/2025
1000;25;1,534600019;singlepipette;S2;16/10/2025
750;25;1,235200047;singlepipette;S2;16/10/2025
500;25;0,884299994;singlepipette;S2;16/10/2025
250;25;0,504100025;singlepipette;S2;16/10/2025
125;25;0,318500012;singlepipette;S2;16/10/2025
25;25;0,129099995;singlepipette;S2;16/10/2025
0;25;0,091300003;singlepipette;S2;16/10/2025
2000;9;2,354700089;singlepipette;OT-2;20/10/2025
1500;9;2,036200047;singlepipette;OT-2;21/10/2025
1000;9;1,459400058;singlepipette;OT-2;21/10/2025
750;9;1,15199995;singlepipette;OT-2;21/10/2025
500;9;0,824000001;singlepipette;OT-2;21/10/2025
250;9;0,424600005;singlepipette;OT-2;21/10/2025
125;9;0,291999996;singlepipette;OT-2;21/10/2025
25;9;0,130999997;singlepipette;OT-2;21/10/2025
0;9;0,093099996;singlepipette;OT-2;21/10/2025
2000;10;2,406199932;singlepipette;OT-2;21/10/2025
1500;10;1,98269999;singlepipette;OT-2;21/10/2025
1000;10;1,327999949;singlepipette;OT-2;21/10/2025
750;10;1,104300022;singlepipette;OT-2;21/10/2025
500;10;0,837800026;singlepipette;OT-2;21/10/2025
250;10;0,451999992;singlepipette;OT-2;21/10/2025
125;10;0,312299997;singlepipette;OT-2;21/10/2025
25;10;0,125400007;singlepipette;OT-2;21/10/2025
0;10;0,089199997;singlepipette;OT-2;21/10/2025
2000;11;2,306900024;singlepipette;OT-2;21/10/2025
1500;11;1,935199976;singlepipette;OT-2;21/10/2025
1000;11;1,42809999;singlepipette;OT-2;21/10/2025
750;11;0,958299994;singlepipette;OT-2;21/10/2025
500;11;0,693499982;singlepipette;OT-2;21/10/2025
250;11;0,453500003;singlepipette;OT-2;21/10/2025
125;11;0,274699986;singlepipette;OT-2;21/10/2025
25;11;0,126100004;singlepipette;OT-2;21/10/2025
0;11;0,091300003;singlepipette;OT-2;21/10/2025
2000;12;2,257699966;singlepipette;OT-2;21/10/2025
1500;12;1,894600034;singlepipette;OT-2;21/10/2025
1000;12;1,216699958;singlepipette;OT-2;21/10/2025
750;12;1,07249999;singlepipette;OT-2;21/10/2025
500;12;0,726100028;singlepipette;OT-2;21/10/2025
250;12;0,4375;singlepipette;OT-2;21/10/2025
125;12;0,280800015;singlepipette;OT-2;21/10/2025
25;12;0,125599995;singlepipette;OT-2;21/10/2025
0;12;0,087700002;singlepipette;OT-2;21/10/2025
2000;13;2,199399948;singlepipette;OT-2;21/10/2025
1500;13;1,672799945;singlepipette;OT-2;21/10/2025
1000;13;1,20480001;singlepipette;OT-2;21/10/2025
750;13;1,097200036;singlepipette;OT-2;21/10/2025
500;13;0,772599995;singlepipette;OT-2;21/10/2025
250;13;0,42750001;singlepipette;OT-2;21/10/2025
125;13;0,275099993;singlepipette;OT-2;21/10/2025
25;13;0,125200003;singlepipette;OT-2;21/10/2025
0;13;0,0898;singlepipette;OT-2;21/10/2025
2000;14;2,164200068;singlepipette;OT-2;21/10/2025
1500;14;1,805199981;singlepipette;OT-2;21/10/2025
1000;14;1,315999985;singlepipette;OT-2;21/10/2025
750;14;0,943799973;singlepipette;OT-2;21/10/2025
500;14;0,651600003;singlepipette;OT-2;21/10/2025
250;14;0,365399987;singlepipette;OT-2;21/10/2025
125;14;0,257999986;singlepipette;OT-2;21/10/2025
25;14;0,122900002;singlepipette;OT-2;21/10/2025
0;14;0,091399997;singlepipette;OT-2;21/10/2025
2000;15;2,585099936;singlepipette;OT-2;21/10/2025
1500;15;1,636000037;singlepipette;OT-2;21/10/2025
1000;15;1,179800034;singlepipette;OT-2;21/10/2025
750;15;0,916199982;singlepipette;OT-2;21/10/2025
500;15;0,627699971;singlepipette;OT-2;21/10/2025
250;15;0,36500001;singlepipette;OT-2;21/10/2025
125;15;0,270099998;singlepipette;OT-2;21/10/2025
25;15;0,121100001;singlepipette;OT-2;21/10/2025
0;15;0,090499997;singlepipette;OT-2;21/10/2025
2000;16;2,646800041;singlepipette;OT-2;21/10/2025
1500;16;1,611299992;singlepipette;OT-2;21/10/2025
1000;16;1,164399981;singlepipette;OT-2;21/10/2025
750;16;0,896099985;singlepipette;OT-2;21/10/2025
500;16;0,608099997;singlepipette;OT-2;21/10/2025
250;16;0,360100001;singlepipette;OT-2;21/10/2025
125;16;0,260500014;singlepipette;OT-2;21/10/2025
25;16;0,127000004;singlepipette;OT-2;21/10/2025
0;16;0,0898;singlepipette;OT-2;21/10/2025
2000;17;2,100600004;singlepipette;OT-2;21/10/2025
1500;17;1,859400034;singlepipette;OT-2;21/10/2025
1000;17;1,357599974;singlepipette;OT-2;21/10/2025
750;17;1,083500028;singlepipette;OT-2;21/10/2025
500;17;0,880400002;singlepipette;OT-2;21/10/2025
250;17;0,443699986;singlepipette;OT-2;21/10/2025
125;17;0,306400001;singlepipette;OT-2;21/10/2025
25;17;0,130199999;singlepipette;OT-2;21/10/2025
0;17;0,093500003;singlepipette;OT-2;21/10/2025
2000;18;2,187700033;singlepipette;OT-2;21/10/2025
1500;18;1,897500038;singlepipette;OT-2;21/10/2025
1000;18;1,366099954;singlepipette;OT-2;21/10/2025
750;18;1,113800049;singlepipette;OT-2;21/10/2025
500;18;0,753600001;singlepipette;OT-2;21/10/2025
250;18;0,432000011;singlepipette;OT-2;21/10/2025
125;18;0,298799992;singlepipette;OT-2;21/10/2025
25;18;0,127100006;singlepipette;OT-2;21/10/2025
0;18;0,092399999;singlepipette;OT-2;21/10/2025
2000;19;2,121200085;singlepipette;OT-2;21/10/2025
1500;19;1,816300035;singlepipette;OT-2;21/10/2025
1000;19;1,205600023;singlepipette;OT-2;21/10/2025
750;19;1,007799983;singlepipette;OT-2;21/10/2025
500;19;0,735099971;singlepipette;OT-2;21/10/2025
250;19;0,423900008;singlepipette;OT-2;21/10/2025
125;19;0,265100002;singlepipette;OT-2;21/10/2025
25;19;0,129800007;singlepipette;OT-2;21/10/2025
0;19;0,092;singlepipette;OT-2;21/10/2025
2000;20;2,0552001;singlepipette;OT-2;21/10/2025
1500;20;1,666300058;singlepipette;OT-2;21/10/2025
1000;20;1,112400055;singlepipette;OT-2;21/10/2025
750;20;1,007300019;singlepipette;OT-2;21/10/2025
500;20;0,70480001;singlepipette;OT-2;21/10/2025
250;20;0,406800002;singlepipette;OT-2;21/10/2025
125;20;0,266000003;singlepipette;OT-2;21/10/2025
25;20;0,1193;singlepipette;OT-2;21/10/2025
0;20;0,092600003;singlepipette;OT-2;21/10/2025
2000;21;1,971600056;singlepipette;OT-2;21/10/2025
1500;21;1,6796;singlepipette;OT-2;21/10/2025
1000;21;1,067000031;singlepipette;OT-2;21/10/2025
750;21;0,971000016;singlepipette;OT-2;21/10/2025
500;21;0,681999981;singlepipette;OT-2;21/10/2025
250;21;0,407000005;singlepipette;OT-2;21/10/2025
125;21;0,263099998;singlepipette;OT-2;21/10/2025
25;21;0,118500002;singlepipette;OT-2;21/10/2025
0;21;0,093900003;singlepipette;OT-2;21/10/2025
2000;22;1,971600056;singlepipette;OT-2;21/10/2025
1500;22;1,6796;singlepipette;OT-2;21/10/2025
1000;22;1,067000031;singlepipette;OT-2;21/10/2025
750;22;0,971000016;singlepipette;OT-2;21/10/2025
500;22;0,681999981;singlepipette;OT-2;21/10/2025
250;22;0,407000005;singlepipette;OT-2;21/10/2025
125;22;0,263099998;singlepipette;OT-2;21/10/2025
25;22;0,118500002;singlepipette;OT-2;21/10/2025
0;22;0,093900003;singlepipette;OT-2;21/10/2025
2000;23;1,813899994;singlepipette;OT-2;21/10/2025
1500;23;1,394799948;singlepipette;OT-2;21/10/2025
1000;23;1,002699971;singlepipette;OT-2;21/10/2025
750;23;0,934300005;singlepipette;OT-2;21/10/2025
500;23;0,618799984;singlepipette;OT-2;21/10/2025
250;23;0,426899999;singlepipette;OT-2;21/10/2025
125;23;0,253800005;singlepipette;OT-2;21/10/2025
25;23;0,118000001;singlepipette;OT-2;21/10/2025
0;23;0,092900001;singlepipette;OT-2;21/10/2025
2000;24;1,685400009;singlepipette;OT-2;21/10/2025
1500;24;1,437999964;singlepipette;OT-2;21/10/2025
1000;24;0,969399989;singlepipette;OT-2;21/10/2025
750;24;0,952400029;singlepipette;OT-2;21/10/2025
500;24;0,619000018;singlepipette;OT-2;21/10/2025
250;24;0,388399988;singlepipette;OT-2;21/10/2025
125;24;0,25150001;singlepipette;OT-2;21/10/2025
25;24;0,114600003;singlepipette;OT-2;21/10/2025
0;24;0,091700003;singlepipette;OT-2;21/10/2025
2000;1;2,7483;multipipette;EX1;22/10/2025
1500;1;2,1259;multipipette;EX1;22/10/2025
1000;1;1,6643;multipipette;EX1;22/10/2025
750;1;1,3274;multipipette;EX1;22/10/2025
500;1;0,9851;multipipette;EX1;22/10/2025
250;1;0,5964;multipipette;EX1;22/10/2025
125;1;0,3454;multipipette;EX1;22/10/2025
25;1;0,1402;multipipette;EX1;22/10/2025
0;1;0,0906;multipipette;EX1;22/10/2025
2000;2;2,8938;multipipette;EX1;22/10/2025
1500;2;2,2078;multipipette;EX1;22/10/2025
1000;2;1,6973;multipipette;EX1;22/10/2025
750;2;1,3535;multipipette;EX1;22/10/2025
500;2;1,0378;multipipette;EX1;22/10/2025
250;2;0,584;multipipette;EX1;22/10/2025
125;2;0,3621;multipipette;EX1;22/10/2025
25;2;0,1396;multipipette;EX1;22/10/2025
0;2;0,0935;multipipette;EX1;22/10/2025
2000;3;2,8486;multipipette;EX1;22/10/2025
1500;3;2,2312;multipipette;EX1;22/10/2025
1000;3;1,7699;multipipette;EX1;22/10/2025
750;3;1,4173;multipipette;EX1;22/10/2025
500;3;1,0042;multipipette;EX1;22/10/2025
250;3;0,6145;multipipette;EX1;22/10/2025
125;3;0,3657;multipipette;EX1;22/10/2025
25;3;0,1401;multipipette;EX1;22/10/2025
0;3;0,0931;multipipette;EX1;22/10/2025
2000;4;2,8746;multipipette;EX1;22/10/2025
1500;4;2,2649;multipipette;EX1;22/10/2025
1000;4;1,7582;multipipette;EX1;22/10/2025
750;4;1,3417;multipipette;EX1;22/10/2025
500;4;1,0259;multipipette;EX1;22/10/2025
250;4;0,6058;multipipette;EX1;22/10/2025
125;4;0,3614;multipipette;EX1;22/10/2025
25;4;0,1388;multipipette;EX1;22/10/2025
0;4;0,0906;multipipette;EX1;22/10/2025
2000;5;2,816;multipipette;EX1;22/10/2025
1500;5;2,2808;multipipette;EX1;22/10/2025
1000;5;1,7388;multipipette;EX1;22/10/2025
750;5;1,368;multipipette;EX1;22/10/2025
500;5;1,0171;multipipette;EX1;22/10/2025
250;5;0,605;multipipette;EX1;22/10/2025
125;5;0,3658;multipipette;EX1;22/10/2025
25;5;0,1412;multipipette;EX1;22/10/2025
0;5;0,096;multipipette;EX1;22/10/2025
2000;6;2,9248;multipipette;EX1;22/10/2025
1500;6;2,2822;multipipette;EX1;22/10/2025
1000;6;1,7217;multipipette;EX1;22/10/2025
750;6;1,3056;multipipette;EX1;22/10/2025
500;6;1,0249;multipipette;EX1;22/10/2025
250;6;0,5966;multipipette;EX1;22/10/2025
125;6;0,3663;multipipette;EX1;22/10/2025
25;6;0,1532;multipipette;EX1;22/10/2025
0;6;0,0921;multipipette;EX1;22/10/2025
2000;7;2,9296;multipipette;EX1;22/10/2025
1500;7;2,2807;multipipette;EX1;22/10/2025
1000;7;1,7279;multipipette;EX1;22/10/2025
750;7;1,3176;multipipette;EX1;22/10/2025
500;7;1,0019;multipipette;EX1;22/10/2025
250;7;0,5932;multipipette;EX1;22/10/2025
125;7;0,3611;multipipette;EX1;22/10/2025
25;7;0,1423;multipipette;EX1;22/10/2025
0;7;0,0911;multipipette;EX1;22/10/2025
2000;8;2,9275;multipipette;EX1;22/10/2025
1500;8;2,3533;multipipette;EX1;22/10/2025
1000;8;1,7193;multipipette;EX1;22/10/2025
750;8;1,3993;multipipette;EX1;22/10/2025
500;8;1,0403;multipipette;EX1;22/10/2025
250;8;0,6166;multipipette;EX1;22/10/2025
125;8;0,3956;multipipette;EX1;22/10/2025
25;8;0,1399;multipipette;EX1;22/10/2025
0;8;0,0914;multipipette;EX1;22/10/2025
2000;1;2,7138;singlepipette;EX1;22/10/2025
1500;1;2,1265;singlepipette;EX1;22/10/2025
1000;1;1,61;singlepipette;EX1;22/10/2025
750;1;1,3;singlepipette;EX1;22/10/2025
500;1;0,9395;singlepipette;EX1;22/10/2025
250;1;0,5242;singlepipette;EX1;22/10/2025
125;1;0,3247;singlepipette;EX1;22/10/2025
25;1;0,139;singlepipette;EX1;22/10/2025
0;1;0,0887;singlepipette;EX1;22/10/2025
2000;2;2,8612;singlepipette;EX1;22/10/2025
1500;2;2,2682;singlepipette;EX1;22/10/2025
1000;2;1,692;singlepipette;EX1;22/10/2025
750;2;1,2873;singlepipette;EX1;22/10/2025
500;2;0,9624;singlepipette;EX1;22/10/2025
250;2;0,5467;singlepipette;EX1;22/10/2025
125;2;0,3347;singlepipette;EX1;22/10/2025
25;2;0,1366;singlepipette;EX1;22/10/2025
0;2;0,0883;singlepipette;EX1;22/10/2025
2000;3;2,9093;singlepipette;EX1;22/10/2025
1500;3;2,2907;singlepipette;EX1;22/10/2025
1000;3;1,6357;singlepipette;EX1;22/10/2025
750;3;1,3022;singlepipette;EX1;22/10/2025
500;3;0,9919;singlepipette;EX1;22/10/2025
250;3;0,586;singlepipette;EX1;22/10/2025
125;3;0,3415;singlepipette;EX1;22/10/2025
25;3;0,1357;singlepipette;EX1;22/10/2025
0;3;0,0929;singlepipette;EX1;22/10/2025
2000;4;2,7598;singlepipette;EX1;22/10/2025
1500;4;2,2419;singlepipette;EX1;22/10/2025
1000;4;1,7091;singlepipette;EX1;22/10/2025
750;4;1,2832;singlepipette;EX1;22/10/2025
500;4;1,0049;singlepipette;EX1;22/10/2025
250;4;0,5565;singlepipette;EX1;22/10/2025
125;4;0,3688;singlepipette;EX1;22/10/2025
25;4;0,1357;singlepipette;EX1;22/10/2025
0;4;0,0914;singlepipette;EX1;22/10/2025
2000;5;2,9031;singlepipette;EX1;22/10/2025
1500;5;2,31;singlepipette;EX1;22/10/2025
1000;5;1,6766;singlepipette;EX1;22/10/2025
750;5;1,3406;singlepipette;EX1;22/10/2025
500;5;0,9536;singlepipette;EX1;22/10/2025
250;5;0,5552;singlepipette;EX1;22/10/2025
125;5;0,3404;singlepipette;EX1;22/10/2025
25;5;0,1359;singlepipette;EX1;22/10/2025
0;5;0,0898;singlepipette;EX1;22/10/2025
2000;6;2,8945;singlepipette;EX1;22/10/2025
1500;6;2,2726;singlepipette;EX1;22/10/2025
1000;6;1,7115;singlepipette;EX1;22/10/2025
750;6;1,3125;singlepipette;EX1;22/10/2025
500;6;0,9489;singlepipette;EX1;22/10/2025
250;6;0,581;singlepipette;EX1;22/10/2025
125;6;0,3541;singlepipette;EX1;22/10/2025
25;6;0,1368;singlepipette;EX1;22/10/2025
0;6;0,0886;singlepipette;EX1;22/10/2025
2000;7;2,8638;singlepipette;EX1;22/10/2025
1500;7;2,3592;singlepipette;EX1;22/10/2025
1000;7;1,7025;singlepipette;EX1;22/10/2025
750;7;1,2882;singlepipette;EX1;22/10/2025
500;7;0,929;singlepipette;EX1;22/10/2025
250;7;0,5579;singlepipette;EX1;22/10/2025
125;7;0,335;singlepipette;EX1;22/10/2025
25;7;0,1389;singlepipette;EX1;22/10/2025
0;7;0,0897;singlepipette;EX1;22/10/2025
2000;8;2,8386;singlepipette;EX1;22/10/2025
1500;8;2,2902;singlepipette;EX1;22/10/2025
1000;8;1,7168;singlepipette;EX1;22/10/2025
750;8;1,3322;singlepipette;EX1;22/10/2025
500;8;0,9665;singlepipette;EX1;22/10/2025
250;8;0,5774;singlepipette;EX1;22/10/2025
125;8;0,3393;singlepipette;EX1;22/10/2025
25;8;0,137;singlepipette;EX1;22/10/2025
0;8;0,0896;singlepipette;EX1;22/10/2025
2000;1;2,3952;multipipette;EX2;22/10/2025
1500;1;2,0251;multipipette;EX2;22/10/2025
1000;1;1,4591;multipipette;EX2;22/10/2025
750;1;1,1462;multipipette;EX2;22/10/2025
500;1;0,8133;multipipette;EX2;22/10/2025
250;1;0,4617;multipipette;EX2;22/10/2025
125;1;0,2926;multipipette;EX2;22/10/2025
25;1;0,1235;multipipette;EX2;22/10/2025
0;1;0,0872;multipipette;EX2;22/10/2025
2000;2;2,3199;multipipette;EX2;22/10/2025
1500;2;1,9679;multipipette;EX2;22/10/2025
1000;2;1,4823;multipipette;EX2;22/10/2025
750;2;1,1878;multipipette;EX2;22/10/2025
500;2;0,8349;multipipette;EX2;22/10/2025
250;2;0,4559;multipipette;EX2;22/10/2025
125;2;0,2929;multipipette;EX2;22/10/2025
25;2;0,1242;multipipette;EX2;22/10/2025
0;2;0,0876;multipipette;EX2;22/10/2025
2000;3;2,4155;multipipette;EX2;22/10/2025
1500;3;2,0724;multipipette;EX2;22/10/2025
1000;3;1,4259;multipipette;EX2;22/10/2025
750;3;1,1402;multipipette;EX2;22/10/2025
500;3;0,8637;multipipette;EX2;22/10/2025
250;3;0,481;multipipette;EX2;22/10/2025
125;3;0,3038;multipipette;EX2;22/10/2025
25;3;0,1227;multipipette;EX2;22/10/2025
0;3;0,0875;multipipette;EX2;22/10/2025
2000;4;2,3333;multipipette;EX2;22/10/2025
1500;4;1,9638;multipipette;EX2;22/10/2025
1000;4;1,4459;multipipette;EX2;22/10/2025
750;4;1,1246;multipipette;EX2;22/10/2025
500;4;0,8022;multipipette;EX2;22/10/2025
250;4;0,4501;multipipette;EX2;22/10/2025
125;4;0,3075;multipipette;EX2;22/10/2025
25;4;0,1225;multipipette;EX2;22/10/2025
0;4;0,0902;multipipette;EX2;22/10/2025
2000;5;2,5208;multipipette;EX2;22/10/2025
1500;5;1,9826;multipipette;EX2;22/10/2025
1000;5;1,4715;multipipette;EX2;22/10/2025
750;5;1,1457;multipipette;EX2;22/10/2025
500;5;0,83;multipipette;EX2;22/10/2025
250;5;0,4802;multipipette;EX2;22/10/2025
125;5;0,3104;multipipette;EX2;22/10/2025
25;5;0,1196;multipipette;EX2;22/10/2025
0;5;0,0893;multipipette;EX2;22/10/2025
2000;6;2,4948;multipipette;EX2;22/10/2025
1500;6;2,0686;multipipette;EX2;22/10/2025
1000;6;1,4626;multipipette;EX2;22/10/2025
750;6;1,1434;multipipette;EX2;22/10/2025
500;6;0,8166;multipipette;EX2;22/10/2025
250;6;0,4746;multipipette;EX2;22/10/2025
125;6;0,3108;multipipette;EX2;22/10/2025
25;6;0,1227;multipipette;EX2;22/10/2025
0;6;0,0895;multipipette;EX2;22/10/2025
2000;7;2,6008;multipipette;EX2;22/10/2025
1500;7;2,0566;multipipette;EX2;22/10/2025
1000;7;1,5324;multipipette;EX2;22/10/2025
750;7;1,1675;multipipette;EX2;22/10/2025
500;7;0,8596;multipipette;EX2;22/10/2025
250;7;0,4979;multipipette;EX2;22/10/2025
125;7;0,3191;multipipette;EX2;22/10/2025
25;7;0,123;multipipette;EX2;22/10/2025
0;7;0,0889;multipipette;EX2;22/10/2025
2000;8;2,5384;multipipette;EX2;22/10/2025
1500;8;2,1685;multipipette;EX2;22/10/2025
1000;8;1,5262;multipipette;EX2;22/10/2025
750;8;1,1967;multipipette;EX2;22/10/2025
500;8;0,8579;multipipette;EX2;22/10/2025
250;8;0,4838;multipipette;EX2;22/10/2025
125;8;0,3203;multipipette;EX2;22/10/2025
25;8;0,1255;multipipette;EX2;22/10/2025
0;8;0,088;multipipette;EX2;22/10/2025
2000;1;2,7076;singlepipette;EX2;22/10/2025
1500;1;2,1337;singlepipette;EX2;22/10/2025
1000;1;1,6197;singlepipette;EX2;22/10/2025
750;1;1,2577;singlepipette;EX2;22/10/2025
500;1;0,9189;singlepipette;EX2;22/10/2025
250;1;0,5469;singlepipette;EX2;22/10/2025
125;1;0,3242;singlepipette;EX2;22/10/2025
25;1;0,133;singlepipette;EX2;22/10/2025
0;1;0,0884;singlepipette;EX2;22/10/2025
2000;2;2,7841;singlepipette;EX2;22/10/2025
1500;2;2,2896;singlepipette;EX2;22/10/2025
1000;2;1,6366;singlepipette;EX2;22/10/2025
750;2;1,3197;singlepipette;EX2;22/10/2025
500;2;0,9542;singlepipette;EX2;22/10/2025
250;2;0,5619;singlepipette;EX2;22/10/2025
125;2;0,3363;singlepipette;EX2;22/10/2025
25;2;0,1368;singlepipette;EX2;22/10/2025
0;2;0,0886;singlepipette;EX2;22/10/2025
2000;3;2,8438;singlepipette;EX2;22/10/2025
1500;3;2,2188;singlepipette;EX2;22/10/2025
1000;3;1,6099;singlepipette;EX2;22/10/2025
750;3;1,3198;singlepipette;EX2;22/10/2025
500;3;0,9592;singlepipette;EX2;22/10/2025
250;3;0,55;singlepipette;EX2;22/10/2025
125;3;0,333;singlepipette;EX2;22/10/2025
25;3;0,1316;singlepipette;EX2;22/10/2025
0;3;0,0879;singlepipette;EX2;22/10/2025
2000;4;2,8049;singlepipette;EX2;22/10/2025
1500;4;2,2123;singlepipette;EX2;22/10/2025
1000;4;1,6375;singlepipette;EX2;22/10/2025
750;4;1,2867;singlepipette;EX2;22/10/2025
500;4;0,9251;singlepipette;EX2;22/10/2025
250;4;0,5508;singlepipette;EX2;22/10/2025
125;4;0,3403;singlepipette;EX2;22/10/2025
25;4;0,1314;singlepipette;EX2;22/10/2025
0;4;0,0885;singlepipette;EX2;22/10/2025
2000;5;2,8927;singlepipette;EX2;22/10/2025
1500;5;2,2404;singlepipette;EX2;22/10/2025
1000;5;1,6514;singlepipette;EX2;22/10/2025
750;5;1,2974;singlepipette;EX2;22/10/2025
500;5;0,9323;singlepipette;EX2;22/10/2025
250;5;0,5551;singlepipette;EX2;22/10/2025
125;5;0,3301;singlepipette;EX2;22/10/2025
25;5;0,1324;singlepipette;EX2;22/10/2025
0;5;0,0896;singlepipette;EX2;22/10/2025
2000;6;2,7056;singlepipette;EX2;22/10/2025
1500;6;2,2047;singlepipette;EX2;22/10/2025
1000;6;1,5912;singlepipette;EX2;22/10/2025
750;6;1,287;singlepipette;EX2;22/10/2025
500;6;0,9098;singlepipette;EX2;22/10/2025
250;6;0,5585;singlepipette;EX2;22/10/2025
125;6;0,3571;singlepipette;EX2;22/10/2025
25;6;0,1345;singlepipette;EX2;22/10/2025
0;6;0,0887;singlepipette;EX2;22/10/2025
2000;7;2,7965;singlepipette;EX2;22/10/2025
1500;7;2,2185;singlepipette;EX2;22/10/2025
1000;7;1,6496;singlepipette;EX2;22/10/2025
750;7;1,2892;singlepipette;EX2;22/10/2025
500;7;0,9335;singlepipette;EX2;22/10/2025
250;7;0,549;singlepipette;EX2;22/10/2025
125;7;0,3305;singlepipette;EX2;22/10/2025
25;7;0,1313;singlepipette;EX2;22/10/2025
0;7;0,0883;singlepipette;EX2;22/10/2025
2000;8;2,8549;singlepipette;EX2;22/10/2025
1500;8;2,251;singlepipette;EX2;22/10/2025
1000;8;1,622;singlepipette;EX2;22/10/2025
750;8;1,3064;singlepipette;EX2;22/10/2025
500;8;0,9405;singlepipette;EX2;22/10/2025
250;8;0,5486;singlepipette;EX2;22/10/2025
125;8;0,3329;singlepipette;EX2;22/10/2025
25;8;0,1313;singlepipette;EX2;22/10/2025
0;8;0,0885;singlepipette;EX2;22/10/2025
2000;9;1,9312;multipipette;OT-2;23/10/2025
1500;9;1,5127;multipipette;OT-2;23/10/2025
1000;9;1,0158;multipipette;OT-2;23/10/2025
750;9;0,8318;multipipette;OT-2;23/10/2025
500;9;0,4429;multipipette;OT-2;23/10/2025
250;9;0,3174;multipipette;OT-2;23/10/2025
125;9;0,2283;multipipette;OT-2;23/10/2025
25;9;0,1167;multipipette;OT-2;23/10/2025
0;9;0,0884;multipipette;OT-2;23/10/2025
2000;10;1,8948;multipipette;OT-2;23/10/2025
1500;10;1,4436;multipipette;OT-2;23/10/2025
1000;10;1,022;multipipette;OT-2;23/10/2025
750;10;0,812;multipipette;OT-2;23/10/2025
500;10;0,5151;multipipette;OT-2;23/10/2025
250;10;0,3379;multipipette;OT-2;23/10/2025
125;10;0,2299;multipipette;OT-2;23/10/2025
25;10;0,1126;multipipette;OT-2;23/10/2025
0;10;0,087;multipipette;OT-2;23/10/2025
2000;11;1,971;multipipette;OT-2;23/10/2025
1500;11;1,4939;multipipette;OT-2;23/10/2025
1000;11;1,0408;multipipette;OT-2;23/10/2025
750;11;0,7955;multipipette;OT-2;23/10/2025
500;11;0,4978;multipipette;OT-2;23/10/2025
250;11;0,3036;multipipette;OT-2;23/10/2025
125;11;0,2318;multipipette;OT-2;23/10/2025
25;11;0,1102;multipipette;OT-2;23/10/2025
0;11;0,0872;multipipette;OT-2;23/10/2025
2000;12;1,8063;multipipette;OT-2;23/10/2025
1500;12;1,3971;multipipette;OT-2;23/10/2025
1000;12;1,0508;multipipette;OT-2;23/10/2025
750;12;0,7985;multipipette;OT-2;23/10/2025
500;12;0,491;multipipette;OT-2;23/10/2025
250;12;0,3228;multipipette;OT-2;23/10/2025
125;12;0,2301;multipipette;OT-2;23/10/2025
25;12;0,1115;multipipette;OT-2;23/10/2025
0;12;0,0865;multipipette;OT-2;23/10/2025
2000;13;1,8719;multipipette;OT-2;23/10/2025
1500;13;1,3866;multipipette;OT-2;23/10/2025
1000;13;1,0009;multipipette;OT-2;23/10/2025
750;13;0,7963;multipipette;OT-2;23/10/2025
500;13;0,4388;multipipette;OT-2;23/10/2025
250;13;0,325;multipipette;OT-2;23/10/2025
125;13;0,2212;multipipette;OT-2;23/10/2025
25;13;0,1124;multipipette;OT-2;23/10/2025
0;13;0,0876;multipipette;OT-2;23/10/2025
2000;14;1,794;multipipette;OT-2;23/10/2025
1500;14;1,3029;multipipette;OT-2;23/10/2025
1000;14;0,9716;multipipette;OT-2;23/10/2025
750;14;0,8341;multipipette;OT-2;23/10/2025
500;14;0,4314;multipipette;OT-2;23/10/2025
250;14;0,3019;multipipette;OT-2;23/10/2025
125;14;0,2322;multipipette;OT-2;23/10/2025
25;14;0,1123;multipipette;OT-2;23/10/2025
0;14;0,0892;multipipette;OT-2;23/10/2025
2000;15;1,8686;multipipette;OT-2;23/10/2025
1500;15;1,4862;multipipette;OT-2;23/10/2025
1000;15;1,0076;multipipette;OT-2;23/10/2025
750;15;0,8523;multipipette;OT-2;23/10/2025
500;15;0,434;multipipette;OT-2;23/10/2025
250;15;0,292;multipipette;OT-2;23/10/2025
125;15;0,2379;multipipette;OT-2;23/10/2025
25;15;0,1139;multipipette;OT-2;23/10/2025
0;15;0,0876;multipipette;OT-2;23/10/2025
2000;16;1,9514;multipipette;OT-2;23/10/2025
1500;16;1,4803;multipipette;OT-2;23/10/2025
1000;16;1,0415;multipipette;OT-2;23/10/2025
750;16;0,8452;multipipette;OT-2;23/10/2025
500;16;0,4403;multipipette;OT-2;23/10/2025
250;16;0,3027;multipipette;OT-2;23/10/2025
125;16;0,235;multipipette;OT-2;23/10/2025
25;16;0,113;multipipette;OT-2;23/10/2025
0;16;0,0896;multipipette;OT-2;23/10/2025
2000;17;1,7171;multipipette;OT-2;23/10/2025
1500;17;1,3135;multipipette;OT-2;23/10/2025
1000;17;0,9414;multipipette;OT-2;23/10/2025
750;17;0,8414;multipipette;OT-2;23/10/2025
500;17;0,5636;multipipette;OT-2;23/10/2025
250;17;0,3253;multipipette;OT-2;23/10/2025
125;17;0,2128;multipipette;OT-2;23/10/2025
25;17;0,1076;multipipette;OT-2;23/10/2025
0;17;0,0851;multipipette;OT-2;23/10/2025
2000;18;1,7947;multipipette;OT-2;23/10/2025
1500;18;1,3354;multipipette;OT-2;23/10/2025
1000;18;0,9737;multipipette;OT-2;23/10/2025
750;18;0,7642;multipipette;OT-2;23/10/2025
500;18;0,5411;multipipette;OT-2;23/10/2025
250;18;0,33;multipipette;OT-2;23/10/2025
125;18;0,2072;multipipette;OT-2;23/10/2025
25;18;0,1061;multipipette;OT-2;23/10/2025
0;18;0,0848;multipipette;OT-2;23/10/2025
2000;19;1,5705;multipipette;OT-2;23/10/2025
1500;19;1,3062;multipipette;OT-2;23/10/2025
1000;19;0,9299;multipipette;OT-2;23/10/2025
750;19;0,7516;multipipette;OT-2;23/10/2025
500;19;0,5413;multipipette;OT-2;23/10/2025
250;19;0,3191;multipipette;OT-2;23/10/2025
125;19;0,2113;multipipette;OT-2;23/10/2025
25;19;0,1053;multipipette;OT-2;23/10/2025
0;19;0,0849;multipipette;OT-2;23/10/2025
2000;20;1,6856;multipipette;OT-2;23/10/2025
1500;20;1,2807;multipipette;OT-2;23/10/2025
1000;20;0,9677;multipipette;OT-2;23/10/2025
750;20;0,8133;multipipette;OT-2;23/10/2025
500;20;0,5368;multipipette;OT-2;23/10/2025
250;20;0,3088;multipipette;OT-2;23/10/2025
125;20;0,2027;multipipette;OT-2;23/10/2025
25;20;0,1061;multipipette;OT-2;23/10/2025
0;20;0,0846;multipipette;OT-2;23/10/2025
2000;21;1,5801;multipipette;OT-2;23/10/2025
1500;21;1,3011;multipipette;OT-2;23/10/2025
1000;21;0,9155;multipipette;OT-2;23/10/2025
750;21;0,7543;multipipette;OT-2;23/10/2025
500;21;0,5319;multipipette;OT-2;23/10/2025
250;21;0,2965;multipipette;OT-2;23/10/2025
125;21;0,2037;multipipette;OT-2;23/10/2025
25;21;0,1067;multipipette;OT-2;23/10/2025
0;21;0,0851;multipipette;OT-2;23/10/2025
2000;22;1,5829;multipipette;OT-2;23/10/2025
1500;22;1,2775;multipipette;OT-2;23/10/2025
1000;22;0,949;multipipette;OT-2;23/10/2025
750;22;0,7463;multipipette;OT-2;23/10/2025
500;22;0,5286;multipipette;OT-2;23/10/2025
250;22;0,3184;multipipette;OT-2;23/10/2025
125;22;0,2114;multipipette;OT-2;23/10/2025
25;22;0,1043;multipipette;OT-2;23/10/2025
0;22;0,0861;multipipette;OT-2;23/10/2025
2000;23;1,5843;multipipette;OT-2;23/10/2025
1500;23;1,2238;multipipette;OT-2;23/10/2025
1000;23;0,9348;multipipette;OT-2;23/10/2025
750;23;0,7217;multipipette;OT-2;23/10/2025
500;23;0,4983;multipipette;OT-2;23/10/2025
250;23;0,3154;multipipette;OT-2;23/10/2025
125;23;0,2139;multipipette;OT-2;23/10/2025
25;23;0,1041;multipipette;OT-2;23/10/2025
0;23;0,0856;multipipette;OT-2;23/10/2025
2000;24;1,5532;multipipette;OT-2;23/10/2025
1500;24;1,2688;multipipette;OT-2;23/10/2025
1000;24;0,9116;multipipette;OT-2;23/10/2025
750;24;0,7938;multipipette;OT-2;23/10/2025
500;24;0,5124;multipipette;OT-2;23/10/2025
250;24;0,3224;multipipette;OT-2;23/10/2025
125;24;0,2091;multipipette;OT-2;23/10/2025
25;24;0,1079;multipipette;OT-2;23/10/2025
0;24;0,0868;multipipette;OT-2;23/10/2025
2000;1;2,8111;singlepipette;S3;09/02/2026
1500;1;2,1431;singlepipette;S3;09/02/2026
1000;1;1,5705;singlepipette;S3;09/02/2026
750;1;1,2632;singlepipette;S3;09/02/2026
500;1;0,8907;singlepipette;S3;09/02/2026
250;1;0,5492;singlepipette;S3;09/02/2026
125;1;0,3111;singlepipette;S3;09/02/2026
25;1;0,1304;singlepipette;S3;09/02/2026
0;1;0,0883;singlepipette;S3;09/02/2026
2000;2;2,7044;singlepipette;S3;09/02/2026
1500;2;2,2006;singlepipette;S3;09/02/2026
1000;2;1,6926;singlepipette;S3;09/02/2026
750;2;1,2843;singlepipette;S3;09/02/2026
500;2;0,8679;singlepipette;S3;09/02/2026
250;2;0,5364;singlepipette;S3;09/02/2026
125;2;0,335;singlepipette;S3;09/02/2026
25;2;0,1327;singlepipette;S3;09/02/2026
0;2;0,0888;singlepipette;S3;09/02/2026
2000;3;2,796;singlepipette;S3;09/02/2026
1500;3;2,1693;singlepipette;S3;09/02/2026
1000;3;1,5824;singlepipette;S3;09/02/2026
750;3;1,2754;singlepipette;S3;09/02/2026
500;3;0,9545;singlepipette;S3;09/02/2026
250;3;0,5375;singlepipette;S3;09/02/2026
125;3;0,3315;singlepipette;S3;09/02/2026
25;3;0,1303;singlepipette;S3;09/02/2026
0;3;0,0924;singlepipette;S3;09/02/2026
2000;4;2,7095;singlepipette;S3;09/02/2026
1500;4;2,2176;singlepipette;S3;09/02/2026
1000;4;1,6393;singlepipette;S3;09/02/2026
750;4;1,235;singlepipette;S3;09/02/2026
500;4;0,9231;singlepipette;S3;09/02/2026
250;4;0,499;singlepipette;S3;09/02/2026
125;4;0,3159;singlepipette;S3;09/02/2026
25;4;0,1337;singlepipette;S3;09/02/2026
0;4;0,0891;singlepipette;S3;09/02/2026
2000;5;2,7308;singlepipette;S3;09/02/2026
1500;5;2,2715;singlepipette;S3;09/02/2026
1000;5;1,56;singlepipette;S3;09/02/2026
750;5;1,2147;singlepipette;S3;09/02/2026
500;5;0,9257;singlepipette;S3;09/02/2026
250;5;0,5422;singlepipette;S3;09/02/2026
125;5;0,3247;singlepipette;S3;09/02/2026
25;5;0,1356;singlepipette;S3;09/02/2026
0;5;0,0916;singlepipette;S3;09/02/2026
2000;6;2,6357;singlepipette;S3;09/02/2026
1500;6;2,1485;singlepipette;S3;09/02/2026
1000;6;1,6375;singlepipette;S3;09/02/2026
750;6;1,2655;singlepipette;S3;09/02/2026
500;6;0,9178;singlepipette;S3;09/02/2026
250;6;0,5399;singlepipette;S3;09/02/2026
125;6;0,3942;singlepipette;S3;09/02/2026
25;6;0,1323;singlepipette;S3;09/02/2026
0;6;0,0898;singlepipette;S3;09/02/2026
2000;7;2,933;singlepipette;S3;09/02/2026
1500;7;2,2463;singlepipette;S3;09/02/2026
1000;7;1,6349;singlepipette;S3;09/02/2026
750;7;1,2788;singlepipette;S3;09/02/2026
500;7;0,762;singlepipette;S3;09/02/2026
250;7;0,5211;singlepipette;S3;09/02/2026
125;7;0,3064;singlepipette;S3;09/02/2026
25;7;0,1403;singlepipette;S3;09/02/2026
0;7;0,0901;singlepipette;S3;09/02/2026
2000;8;2,7757;singlepipette;S3;09/02/2026
1500;8;2,2399;singlepipette;S3;09/02/2026
1000;8;1,6009;singlepipette;S3;09/02/2026
750;8;1,2612;singlepipette;S3;09/02/2026
500;8;0,8773;singlepipette;S3;09/02/2026
250;8;0,5235;singlepipette;S3;09/02/2026
125;8;0,319;singlepipette;S3;09/02/2026
25;8;0,1325;singlepipette;S3;09/02/2026
0;8;0,0886;singlepipette;S3;09/02/2026
2000;9;2,9444;singlepipette;S3;09/02/2026
1500;9;2,1375;singlepipette;S3;09/02/2026
1000;9;1,5874;singlepipette;S3;09/02/2026
750;9;1,3122;singlepipette;S3;09/02/2026
500;9;0,9104;singlepipette;S3;09/02/2026
250;9;0,532;singlepipette;S3;09/02/2026
125;9;0,3397;singlepipette;S3;09/02/2026
25;9;0,1273;singlepipette;S3;09/02/2026
0;9;0,0903;singlepipette;S3;09/02/2026
2000;10;2,8119;singlepipette;S3;09/02/2026
1500;10;2,4629;singlepipette;S3;09/02/2026
1000;10;1,6604;singlepipette;S3;09/02/2026
750;10;1,3232;singlepipette;S3;09/02/2026
500;10;0,9123;singlepipette;S3;09/02/2026
250;10;0,4655;singlepipette;S3;09/02/2026
125;10;0,3258;singlepipette;S3;09/02/2026
25;10;0,1342;singlepipette;S3;09/02/2026
0;10;0,0908;singlepipette;S3;09/02/2026
2000;11;3,0226;singlepipette;S3;09/02/2026
1500;11;2,2033;singlepipette;S3;09/02/2026
1000;11;1,6868;singlepipette;S3;09/02/2026
750;11;1,2719;singlepipette;S3;09/02/2026
500;11;0,9111;singlepipette;S3;09/02/2026
250;11;0,6159;singlepipette;S3;09/02/2026
125;11;0,316;singlepipette;S3;09/02/2026
25;11;0,1246;singlepipette;S3;09/02/2026
0;11;0,0909;singlepipette;S3;09/02/2026
2000;12;2,684;singlepipette;S3;09/02/2026
1500;12;1,498;singlepipette;S3;09/02/2026
1000;12;1,6397;singlepipette;S3;09/02/2026
750;12;1,2637;singlepipette;S3;09/02/2026
500;12;0,9341;singlepipette;S3;09/02/2026
250;12;0,5323;singlepipette;S3;09/02/2026
125;12;0,3011;singlepipette;S3;09/02/2026
25;12;0,1243;singlepipette;S3;09/02/2026
0;12;0,09;singlepipette;S3;09/02/2026
2000;13;2,6432;singlepipette;S3;10/02/2026
1500;13;2,1224;singlepipette;S3;10/02/2026
1000;13;1,5231;singlepipette;S3;10/02/2026
750;13;1,1678;singlepipette;S3;10/02/2026
500;13;0,8817;singlepipette;S3;10/02/2026
250;13;0,4409;singlepipette;S3;10/02/2026
125;13;0,316;singlepipette;S3;10/02/2026
25;13;0,1486;singlepipette;S3;10/02/2026
0;13;0,1131;singlepipette;S3;10/02/2026
2000;14;2,669;singlepipette;S3;10/02/2026
1500;14;2,136;singlepipette;S3;10/02/2026
1000;14;1,5488;singlepipette;S3;10/02/2026
750;14;1,2111;singlepipette;S3;10/02/2026
500;14;0,892;singlepipette;S3;10/02/2026
250;14;0,5675;singlepipette;S3;10/02/2026
125;14;0,3396;singlepipette;S3;10/02/2026
25;14;0,1497;singlepipette;S3;10/02/2026
0;14;0,1132;singlepipette;S3;10/02/2026
2000;15;2,6267;singlepipette;S3;10/02/2026
1500;15;2,3203;singlepipette;S3;10/02/2026
1000;15;1,6137;singlepipette;S3;10/02/2026
750;15;1,232;singlepipette;S3;10/02/2026
500;15;0,8778;singlepipette;S3;10/02/2026
250;15;0,5481;singlepipette;S3;10/02/2026
125;15;0,3415;singlepipette;S3;10/02/2026
25;15;0,1414;singlepipette;S3;10/02/2026
0;15;0,113;singlepipette;S3;10/02/2026
2000;16;2,955;singlepipette;S3;10/02/2026
1500;16;1,7688;singlepipette;S3;10/02/2026
1000;16;1,6332;singlepipette;S3;10/02/2026
750;16;1,2674;singlepipette;S3;10/02/2026
500;16;0,9567;singlepipette;S3;10/02/2026
250;16;0,535;singlepipette;S3;10/02/2026
125;16;0,3323;singlepipette;S3;10/02/2026
25;16;0,1647;singlepipette;S3;10/02/2026
0;16;0,1114;singlepipette;S3;10/02/2026
2000;17;2,7914;singlepipette;S3;10/02/2026
1500;17;2,1022;singlepipette;S3;10/02/2026
1000;17;1,5061;singlepipette;S3;10/02/2026
750;17;1,2526;singlepipette;S3;10/02/2026
500;17;0,8984;singlepipette;S3;10/02/2026
250;17;0,5358;singlepipette;S3;10/02/2026
125;17;0,3384;singlepipette;S3;10/02/2026
25;17;0,1485;singlepipette;S3;10/02/2026
0;17;0,1089;singlepipette;S3;10/02/2026
2000;18;2,8329;singlepipette;S3;10/02/2026
1500;18;2,0715;singlepipette;S3;10/02/2026
1000;18;1,5302;singlepipette;S3;10/02/2026
750;18;1,2283;singlepipette;S3;10/02/2026
500;18;0,9245;singlepipette;S3;10/02/2026
250;18;0,539;singlepipette;S3;10/02/2026
125;18;0,3458;singlepipette;S3;10/02/2026
25;18;0,1432;singlepipette;S3;10/02/2026
0;18;0,1137;singlepipette;S3;10/02/2026
2000;19;2,7039;singlepipette;S3;10/02/2026
1500;19;2,1001;singlepipette;S3;10/02/2026
1000;19;1,494;singlepipette;S3;10/02/2026
750;19;1,2413;singlepipette;S3;10/02/2026
500;19;0,8198;singlepipette;S3;10/02/2026
250;19;0,5334;singlepipette;S3;10/02/2026
125;19;0,3181;singlepipette;S3;10/02/2026
25;19;0,1479;singlepipette;S3;10/02/2026
0;19;0,1088;singlepipette;S3;10/02/2026
2000;20;2,6771;singlepipette;S3;10/02/2026
1500;20;2,0162;singlepipette;S3;10/02/2026
1000;20;1,5753;singlepipette;S3;10/02/2026
750;20;1,2614;singlepipette;S3;10/02/2026
500;20;0,8992;singlepipette;S3;10/02/2026
250;20;0,5349;singlepipette;S3;10/02/2026
125;20;0,3448;singlepipette;S3;10/02/2026
25;20;0,1516;singlepipette;S3;10/02/2026
0;20;0,1088;singlepipette;S3;10/02/2026
2000;21;2,6785;singlepipette;S3;10/02/2026
1500;21;2,1247;singlepipette;S3;10/02/2026
1000;21;1,5626;singlepipette;S3;10/02/2026
750;21;1,2021;singlepipette;S3;10/02/2026
500;21;0,8969;singlepipette;S3;10/02/2026
250;21;0,353;singlepipette;S3;10/02/2026
125;21;0,3396;singlepipette;S3;10/02/2026
25;21;0,1476;singlepipette;S3;10/02/2026
0;21;0,1101;singlepipette;S3;10/02/2026
2000;22;2,7271;singlepipette;S3;10/02/2026
1500;22;2,1525;singlepipette;S3;10/02/2026
1000;22;1,6242;singlepipette;S3;10/02/2026
750;22;1,2173;singlepipette;S3;10/02/2026
500;22;0,8958;singlepipette;S3;10/02/2026
250;22;0,5713;singlepipette;S3;10/02/2026
125;22;0,341;singlepipette;S3;10/02/2026
25;22;0,147;singlepipette;S3;10/02/2026
0;22;0,1097;singlepipette;S3;10/02/2026
2000;23;2,8437;singlepipette;S3;10/02/2026
1500;23;2,282;singlepipette;S3;10/02/2026
1000;23;1,5975;singlepipette;S3;10/02/2026
750;23;1,2706;singlepipette;S3;10/02/2026
500;23;0,9272;singlepipette;S3;10/02/2026
250;23;0,527;singlepipette;S3;10/02/2026
125;23;0,344;singlepipette;S3;10/02/2026
25;23;0,1494;singlepipette;S3;10/02/2026
0;23;0,1103;singlepipette;S3;10/02/2026
2000;24;2,8151;singlepipette;S3;10/02/2026
1500;24;2,3388;singlepipette;S3;10/02/2026
1000;24;1,6216;singlepipette;S3;10/02/2026
750;24;1,2275;singlepipette;S3;10/02/2026
500;24;1,0322;singlepipette;S3;10/02/2026
250;24;0,5202;singlepipette;S3;10/02/2026
125;24;0,3445;singlepipette;S3;10/02/2026
25;24;0,149;singlepipette;S3;10/02/2026
0;24;0,1102;singlepipette;S3;10/02/2026
2000;25;2,4108;multipipette;OT-2;20/03/2026
1500;25;1,6924;multipipette;OT-2;20/03/2026
1000;25;1,3297;multipipette;OT-2;20/03/2026
750;25;0,9326;multipipette;OT-2;20/03/2026
500;25;0,6046;multipipette;OT-2;20/03/2026
250;25;0,4081;multipipette;OT-2;20/03/2026
125;25;0,2373;multipipette;OT-2;20/03/2026
25;25;0,1176;multipipette;OT-2;20/03/2026
0;25;0,0841;multipipette;OT-2;20/03/2026
2000;26;2,0741;multipipette;OT-2;20/03/2026
1500;26;1,6127;multipipette;OT-2;20/03/2026
1000;26;1,2762;multipipette;OT-2;20/03/2026
750;26;0,9185;multipipette;OT-2;20/03/2026
500;26;0,6398;multipipette;OT-2;20/03/2026
250;26;0,3896;multipipette;OT-2;20/03/2026
125;26;0,2478;multipipette;OT-2;20/03/2026
25;26;0,1153;multipipette;OT-2;20/03/2026
0;26;0,085;multipipette;OT-2;20/03/2026
2000;27;2,1433;multipipette;OT-2;20/03/2026
1500;27;1,6505;multipipette;OT-2;20/03/2026
1000;27;1,1667;multipipette;OT-2;20/03/2026
750;27;0,95;multipipette;OT-2;20/03/2026
500;27;0,6141;multipipette;OT-2;20/03/2026
250;27;0,3876;multipipette;OT-2;20/03/2026
125;27;0,2417;multipipette;OT-2;20/03/2026
25;27;0,1131;multipipette;OT-2;20/03/2026
0;27;0,0879;multipipette;OT-2;20/03/2026
2000;28;2,2665;multipipette;OT-2;20/03/2026
1500;28;1,5931;multipipette;OT-2;20/03/2026
1000;28;1,2289;multipipette;OT-2;20/03/2026
750;28;0,9149;multipipette;OT-2;20/03/2026
500;28;0,5805;multipipette;OT-2;20/03/2026
250;28;0,4053;multipipette;OT-2;20/03/2026
125;28;0,243;multipipette;OT-2;20/03/2026
25;28;0,1122;multipipette;OT-2;20/03/2026
0;28;0,0855;multipipette;OT-2;20/03/2026
2000;29;2,0249;multipipette;OT-2;20/03/2026
1500;29;1,5481;multipipette;OT-2;20/03/2026
1000;29;1,1782;multipipette;OT-2;20/03/2026
750;29;0,9771;multipipette;OT-2;20/03/2026
500;29;0,5785;multipipette;OT-2;20/03/2026
250;29;0,3999;multipipette;OT-2;20/03/2026
125;29;0,2508;multipipette;OT-2;20/03/2026
25;29;0,1129;multipipette;OT-2;20/03/2026
0;29;0,086;multipipette;OT-2;20/03/2026
2000;30;2,1674;multipipette;OT-2;20/03/2026
1500;30;1,5877;multipipette;OT-2;20/03/2026
1000;30;1,1968;multipipette;OT-2;20/03/2026
750;30;0,9189;multipipette;OT-2;20/03/2026
500;30;0,5304;multipipette;OT-2;20/03/2026
250;30;0,3851;multipipette;OT-2;20/03/2026
125;30;0,2503;multipipette;OT-2;20/03/2026
25;30;0,1168;multipipette;OT-2;20/03/2026
0;30;0,0908;multipipette;OT-2;20/03/2026
2000;31;1,9427;multipipette;OT-2;20/03/2026
1500;31;1,5965;multipipette;OT-2;20/03/2026
1000;31;1,1722;multipipette;OT-2;20/03/2026
750;31;0,8816;multipipette;OT-2;20/03/2026
500;31;0,5461;multipipette;OT-2;20/03/2026
250;31;0,3966;multipipette;OT-2;20/03/2026
125;31;0,2455;multipipette;OT-2;20/03/2026
25;31;0,1162;multipipette;OT-2;20/03/2026
0;31;0,0873;multipipette;OT-2;20/03/2026
2000;32;2,2618;multipipette;OT-2;20/03/2026
1500;32;1,5665;multipipette;OT-2;20/03/2026
1000;32;1,1888;multipipette;OT-2;20/03/2026
750;32;0,9314;multipipette;OT-2;20/03/2026
500;32;0,6016;multipipette;OT-2;20/03/2026
250;32;0,4078;multipipette;OT-2;20/03/2026
125;32;0,2517;multipipette;OT-2;20/03/2026
25;32;0,1252;multipipette;OT-2;20/03/2026
0;32;0,0868;multipipette;OT-2;20/03/2026